x (m),Temperature (K),Tw(K),Velocity (m/s),Heat Release Rate (J/s/m3),X_HE,X_AR,X_N2,X_H2,X_O2,X_H,X_O,X_OH,X_HO2,X_H2O,X_H2O2,X_OH*,X_N,X_NH3,X_NH2,X_NH,X_NNH,X_NO,X_N2O,X_HNO,X_HON,X_H2NO,X_HNOH,X_NH2OH,X_NO2,X_HONO,X_HNO2,X_NO3,X_HONO2,X_N2H2,X_H2NN,X_N2H4,X_N2H3
0,373,373,0.027,5.7647e-06,2.64938e-20,0.631579,1.39234e-11,5.89276e-07,0.157895,0,0,0,6.11196e-14,5.68136e-10,2.54337e-14,0,0,0.210526,3.55993e-11,0,3.7405e-25,2.80374e-13,1.40573e-14,1.76566e-15,1.10445e-15,2.03907e-14,1.54394e-18,3.94242e-15,2.61871e-14,3.62214e-16,3.08022e-20,0,2.20894e-20,3.43468e-14,0,0,0
0.001625,373.003,373,0.0270002,2.19478e-05,2.64948e-20,0.631578,3.40695e-11,8.0785e-07,0.157895,3.73087e-20,0,0,1.50097e-13,1.31347e-09,6.27375e-14,0,0,0.210526,6.70222e-11,0,9.24375e-25,6.93522e-13,4.16139e-14,4.35225e-15,2.72244e-15,5.0508e-14,3.82435e-18,9.81085e-15,7.21051e-14,1.08222e-15,4.66474e-20,0,2.21298e-20,8.53369e-14,0,0,0
0.00325,373.04,373,0.0270029,5.63155e-05,2.64959e-20,0.631578,8.33601e-11,1.10747e-06,0.157895,8.25502e-20,0,0,3.4924e-13,3.03644e-09,1.63208e-13,0,0,0.210526,1.07034e-10,0,3.65891e-24,1.71948e-12,1.23122e-13,1.05048e-14,6.7104e-15,1.24951e-13,9.49284e-18,2.44136e-14,1.98742e-13,3.23417e-15,9.87477e-20,0,2.22728e-20,2.12015e-13,0,0,0
0.0040625,373.236,373,0.0270171,8.35516e-05,2.64965e-20,0.631578,1.34723e-10,1.29887e-06,0.157895,1.19518e-19,0,0,5.47382e-13,4.74459e-09,2.7317e-13,0,0,0.210526,1.3e-10,0,7.23491e-24,2.80186e-12,2.23642e-13,1.6608e-14,1.08931e-14,2.0312e-13,1.5494e-17,3.98588e-14,3.45599e-13,5.91447e-15,1.69469e-19,0,2.24804e-20,3.45811e-13,0,0,0
0.004875,374.194,373,0.0270865,0.000119352,2.6497e-20,0.631578,2.23026e-10,1.52527e-06,0.157894,1.75475e-19,0,0,8.82048e-13,7.56542e-09,4.66647e-13,0,0,0.210526,1.55133e-10,0,1.43631e-23,4.68009e-12,4.22023e-13,2.66951e-14,1.81217e-14,3.38343e-13,2.59411e-17,6.6733e-14,6.20971e-13,1.12471e-14,3.20704e-19,0,2.29501e-20,5.78362e-13,0,0,0
0.0056875,378.966,379.462,0.0274319,0.000160182,2.64974e-20,0.631578,3.73367e-10,1.79071e-06,0.157894,2.87228e-19,0,0,1.44747e-12,1.21731e-08,8.01449e-13,0,0,0.210526,1.82113e-10,0,2.79333e-23,7.90732e-12,8.09459e-13,4.30626e-14,3.04919e-14,5.69856e-13,4.39597e-17,1.13036e-13,1.13214e-12,2.17471e-14,6.40712e-19,0,2.40018e-20,9.78706e-13,0,0,0
0.0065,385.648,387.1,0.0279156,0.000207759,2.64976e-20,0.631578,6.27356e-10,2.10061e-06,0.157894,4.91038e-19,0,1.67644e-22,2.40187e-12,1.96289e-08,1.3737e-12,0,0,0.210526,2.10955e-10,0,5.34159e-23,1.34091e-11,1.55899e-12,6.91944e-14,5.14948e-14,9.62903e-13,7.48071e-17,1.92184e-13,2.07269e-12,4.22277e-14,1.31112e-18,0,2.63306e-20,1.66275e-12,8.56537e-20,0,0
0.008125,400.652,402.375,0.0290017,0.00033644,2.64979e-20,0.631577,1.63835e-09,2.8646e-06,0.157894,1.41698e-18,0,1.49588e-19,6.21766e-12,4.76769e-08,3.67658e-12,0,0,0.210526,2.74488e-10,0,1.73934e-22,3.55541e-11,5.07131e-12,1.65014e-13,1.35593e-13,2.53558e-12,1.99666e-16,5.11742e-13,6.22387e-12,1.39151e-13,4.76377e-18,0,3.91198e-20,4.42491e-12,3.82963e-18,0,5.69901e-14
0.00975,416.52,417.65,0.0301503,0.000553097,2.6498e-20,0.631577,3.95632e-09,3.86797e-06,0.157894,3.9335e-18,0,6.09982e-19,1.50924e-11,1.07772e-07,9.00635e-12,0,0,0.210525,3.49336e-10,0,5.11319e-22,8.70021e-11,1.47048e-11,3.52243e-13,3.29651e-13,6.14845e-12,4.92485e-16,1.25603e-12,1.69031e-11,4.08122e-13,1.52687e-17,8.86063e-21,8.07886e-20,1.08645e-11,1.57355e-17,0,2.56637e-13
0.011375,439.717,442,0.0318295,0.000926912,2.64981e-20,0.631576,9.11038e-09,5.1592e-06,0.157894,1.23343e-17,0,1.88136e-18,3.52183e-11,2.32088e-07,2.09499e-11,0,0,0.210525,4.42829e-10,0,1.39753e-21,2.02936e-10,4.0212e-11,6.84227e-13,7.63743e-13,1.41746e-11,1.15961e-15,2.93636e-12,4.34709e-11,1.12878e-12,4.60776e-17,1.981e-19,2.11309e-19,2.54315e-11,4.37631e-17,0,8.35222e-13
0.013,465.554,468,0.0336998,0.0017205,2.64979e-20,0.631575,2.02925e-08,6.80431e-06,0.157894,3.92121e-17,0,5.63176e-18,7.98173e-11,4.81822e-07,4.70444e-11,0,0,0.210524,5.71993e-10,0,3.75695e-21,4.57826e-10,1.05738e-10,1.21662e-12,1.71077e-12,3.15301e-11,2.64401e-15,6.63554e-12,1.07692e-10,3.00181e-12,1.33535e-16,7.81318e-19,6.0572e-19,5.75996e-11,1.09243e-16,0,2.37322e-12
0.01625,522.549,525,0.0378257,0.00656307,2.64972e-20,0.631572,7.7571e-08,1.12203e-05,0.157893,3.70195e-16,3.84533e-18,3.99404e-17,3.14287e-10,1.64023e-06,1.81726e-10,5.55455e-41,0,0.210522,1.01016e-09,0,2.21045e-20,1.78394e-09,5.11048e-10,2.85762e-12,6.59012e-12,1.19789e-10,1.04952e-14,2.58951e-11,4.78672e-10,1.47409e-11,7.38323e-16,5.30613e-18,3.51421e-18,2.25969e-10,4.80652e-16,0,1.20078e-11
0.0195,587.257,590,0.0425099,0.027694,2.64959e-20,0.631569,2.45963e-07,1.76258e-05,0.157891,3.46078e-15,7.74864e-17,2.4954e-16,1.03187e-09,4.66362e-06,5.80332e-10,2.66992e-38,1.75793e-24,0.210517,1.99307e-09,1.73022e-17,1.21143e-19,5.75897e-09,1.95698e-09,4.85353e-12,2.10153e-11,3.7222e-10,3.637e-14,8.34769e-11,1.71195e-09,5.72962e-11,3.40554e-15,2.8982e-17,1.57244e-17,7.3328e-10,2.0057e-15,0,4.79294e-11
0.02275,652.513,655,0.047234,0.129347,2.64939e-20,0.631563,7.18654e-07,2.67555e-05,0.157889,2.93169e-14,1.10823e-15,1.57167e-15,3.12841e-09,1.21433e-05,1.70288e-09,6.80557e-36,1.1315e-23,0.210508,4.37576e-09,1.69359e-16,6.96472e-19,1.71623e-08,6.83419e-09,9.74711e-12,6.17085e-11,1.05011e-09,1.62774e-13,2.47732e-10,5.57813e-09,2.03138e-10,2.10236e-14,1.65729e-16,6.16948e-17,2.19381e-09,9.75905e-15,9.27836e-11,1.77197e-10
0.026,721.859,724.2,0.0522544,0.6352,2.64909e-20,0.631556,1.98588e-06,3.94915e-05,0.157884,2.33402e-13,1.361e-14,1.02149e-14,8.99391e-09,2.97225e-05,4.6903e-09,1.27334e-33,1.49749e-22,0.210489,1.06132e-08,1.31561e-15,4.24638e-18,4.85759e-08,2.24041e-08,2.48986e-11,1.71289e-10,2.75961e-09,9.61044e-13,6.95075e-10,1.69433e-08,6.72404e-10,1.26558e-13,1.04373e-15,2.01614e-16,6.21264e-09,5.22363e-14,4.31606e-10,6.08066e-10
0.02925,799.95,802.85,0.0579084,3.10404,2.64866e-20,0.631545,5.22556e-06,5.6841e-05,0.157875,1.71108e-12,1.48587e-13,7.36471e-14,2.45763e-08,6.89549e-05,1.20172e-08,1.99045e-31,2.86373e-21,0.210449,2.87066e-08,1.18962e-14,2.77703e-17,1.3182e-07,6.93414e-08,7.27305e-11,4.52577e-10,6.9143e-09,5.59859e-12,1.85723e-09,4.78161e-08,2.02095e-09,6.6206e-13,6.79079e-15,4.30633e-16,1.67712e-08,2.88037e-13,1.02836e-09,1.85883e-09
0.0325,869.646,872,0.0629552,15.7114,2.64806e-20,0.631527,1.32782e-05,8.03855e-05,0.157854,1.00031e-11,1.16639e-12,5.65199e-13,6.28971e-08,0.000153947,2.77145e-08,1.75194e-29,7.48626e-20,0.21037,8.57354e-08,1.2255e-13,1.9995e-16,3.47642e-07,2.05334e-07,2.48318e-10,1.15436e-09,1.8073e-08,2.77671e-11,4.79412e-09,1.25495e-07,4.91196e-09,2.41854e-12,3.61688e-14,8.07944e-16,4.37871e-08,1.6728e-12,2.51911e-09,4.8789e-09
0.03575,936.965,939.05,0.0678314,80.4041,2.64722e-20,0.631499,3.26886e-05,0.000111992,0.157809,4.93973e-11,7.40224e-12,4.06262e-12,1.52654e-07,0.000332535,5.36944e-08,1.14604e-27,2.12805e-18,0.210213,2.63958e-07,1.28342e-12,1.46023e-15,8.9008e-07,5.81237e-07,9.12952e-10,2.85172e-09,5.00413e-08,1.3069e-10,1.19837e-08,3.03189e-07,8.76888e-09,6.02545e-12,1.44464e-13,1.83569e-15,1.11015e-07,9.46565e-12,7.06872e-09,1.14745e-08
0.037375,971.66,973.825,0.0703453,192.583,2.64667e-20,0.631476,5.25547e-05,0.000132089,0.157766,1.0812e-10,1.825e-11,1.08876e-11,2.37612e-07,0.00049511,6.84131e-08,9.39934e-27,1.21325e-17,0.210074,4.74289e-07,4.30425e-12,4.12721e-15,1.45076e-06,1.00527e-06,1.84345e-09,4.59261e-09,8.74642e-08,2.91937e-10,1.93638e-08,4.65997e-07,1.10454e-08,8.8434e-12,2.64545e-13,2.9544e-15,1.81648e-07,2.30704e-11,1.26319e-08,1.74199e-08
0.0381875,989.07,991.212,0.0716072,303.375,2.64635e-20,0.631461,6.76189e-05,0.000143496,0.157734,1.59297e-10,2.84561e-11,1.78335e-11,2.96706e-07,0.000609264,7.58606e-08,2.71593e-26,2.9004e-17,0.209979,6.35981e-07,7.87044e-12,7.02353e-15,1.87244e-06,1.34835e-06,2.6525e-09,5.91401e-09,1.17283e-07,4.39933e-10,2.49293e-08,5.81199e-07,1.24579e-08,1.07241e-11,3.55077e-13,3.8601e-15,2.35926e-07,3.61903e-11,1.7068e-08,2.14876e-08
0.039,1006.54,1008.6,0.0728735,480.816,2.64597e-20,0.631443,8.77129e-05,0.000155855,0.157692,2.33446e-10,4.40515e-11,2.91584e-11,3.70475e-07,0.000753052,8.32153e-08,7.85566e-26,6.86649e-17,0.209861,8.49938e-07,1.42776e-11,1.19839e-14,2.42967e-06,1.82953e-06,3.83068e-09,7.67771e-09,1.58021e-07,6.63731e-10,3.23011e-08,7.27724e-07,1.41416e-08,1.30572e-11,4.75671e-13,5.12664e-15,3.08937e-07,5.66591e-11,2.30835e-08,2.64836e-08
0.040625,1041.98,1044,0.0754443,1169.45,2.64511e-20,0.631395,0.00014705,0.000183384,0.157572,4.83868e-10,1.01535e-10,7.57648e-11,5.70554e-07,0.00114649,9.71403e-08,6.27423e-25,3.54103e-16,0.209545,1.47728e-06,4.4301e-11,3.36437e-14,4.0468e-06,3.3424e-06,7.79597e-09,1.28889e-08,2.80811e-07,1.46673e-09,5.3725e-08,1.12973e-06,1.82984e-08,1.933e-11,8.30969e-13,8.99671e-15,5.26354e-07,1.32869e-10,4.07208e-08,3.93453e-08
0.04225,1078.3,1080.4,0.0780813,2730.35,2.6441e-20,0.631325,0.000243127,0.000215371,0.157383,9.70699e-10,2.2568e-10,1.90673e-10,8.60601e-07,0.00172994,1.0995e-07,4.70161e-24,1.69205e-15,0.209085,2.5062e-06,1.2998e-10,8.99417e-14,6.56004e-06,5.93414e-06,1.53365e-08,2.13233e-08,4.80561e-07,3.09267e-09,8.67252e-08,1.69575e-06,2.32688e-08,2.79479e-11,1.37125e-12,1.53483e-14,8.77121e-07,2.94705e-10,6.87808e-08,5.62485e-08
0.0430625,1096.52,1098.6,0.0794061,4149.48,2.64352e-20,0.631278,0.000313163,0.000233475,0.157247,1.36876e-09,3.34049e-10,3.00865e-10,1.04721e-06,0.002127,1.16362e-07,1.26643e-23,3.6494e-15,0.208777,3.25084e-06,2.20079e-10,1.45644e-13,8.29617e-06,7.89034e-06,2.13676e-08,2.74619e-08,6.23446e-07,4.43236e-09,1.09054e-07,2.05366e-06,2.6114e-08,3.33409e-11,1.72719e-12,2.00827e-14,1.12772e-06,4.35229e-10,8.89802e-08,6.67299e-08
0.043875,1114.81,1116.8,0.0807367,6280.95,2.64288e-20,0.631219,0.000403849,0.000253069,0.157075,1.9238e-09,4.91981e-10,4.73537e-10,1.26743e-06,0.00261569,1.22937e-07,3.37734e-23,7.78402e-15,0.208401,4.2023e-06,3.69262e-10,2.34392e-13,1.04543e-05,1.04955e-05,2.96465e-08,3.53997e-08,8.04732e-07,6.30185e-09,1.36226e-07,2.47209e-06,2.92526e-08,3.96257e-11,2.15411e-12,2.63526e-14,1.4464e-06,6.39806e-10,1.14755e-07,7.88856e-08
0.0446875,1133.33,1135,0.0820857,9471.58,2.64217e-20,0.631148,0.000520567,0.00027428,0.156856,2.6995e-09,7.22639e-10,7.44937e-10,1.52702e-06,0.0032144,1.29659e-07,8.93782e-23,1.65012e-14,0.207946,5.42301e-06,6.16095e-10,3.75129e-13,1.31137e-05,1.39337e-05,4.09791e-08,4.55977e-08,1.03228e-06,8.88696e-09,1.6869e-07,2.95416e-06,3.26452e-08,4.68583e-11,2.65651e-12,3.45774e-14,1.84714e-06,9.36536e-10,1.47383e-07,9.28275e-08
0.0455,1152.89,1154.75,0.0835123,14201.5,2.6414e-20,0.631061,0.00066971,0.000297236,0.15658,3.78768e-09,1.06341e-09,1.17748e-09,1.8398e-06,0.00394373,1.36211e-07,2.37993e-22,3.50048e-14,0.207397,7.00472e-06,1.02778e-09,5.98043e-13,1.6365e-05,1.84244e-05,5.64974e-08,5.85984e-08,1.31422e-06,1.24643e-08,2.06731e-07,3.50039e-06,3.61511e-08,5.50489e-11,3.2301e-12,4.48715e-14,2.34512e-06,1.36346e-09,1.87734e-07,1.085e-07
0.0463125,1173.2,1175.47,0.0849954,21132,2.64056e-20,0.630956,0.000858818,0.000322085,0.156234,5.30421e-09,1.56283e-09,1.86331e-09,2.21134e-06,0.00482687,1.42517e-07,6.30981e-22,7.38428e-14,0.206737,9.03569e-06,1.70637e-09,9.46624e-13,2.02901e-05,2.42262e-05,7.75373e-08,7.5031e-08,1.65874e-06,1.73364e-08,2.50349e-07,4.10871e-06,3.97379e-08,6.41989e-11,3.86833e-12,5.77128e-14,2.95515e-06,1.97021e-09,2.36959e-07,1.2587e-07
0.047125,1193.26,1195.81,0.0864635,31078.6,2.63965e-20,0.630829,0.00109671,0.000349005,0.155804,7.38059e-09,2.2754e-09,2.92502e-09,2.63165e-06,0.00588979,1.48691e-07,1.62655e-21,1.5255e-13,0.205949,1.15749e-05,2.78781e-09,1.4771e-12,2.49418e-05,3.16388e-05,1.05397e-07,9.56124e-08,2.07242e-06,2.37635e-08,2.99185e-07,4.7735e-06,4.34604e-08,7.42858e-11,4.56428e-12,7.41402e-14,3.69044e-06,2.81995e-09,2.96737e-07,1.4515e-07
0.0479375,1212.11,1214.09,0.0878476,45083.7,2.63867e-20,0.630676,0.00139354,0.000378201,0.155274,1.01758e-08,3.26263e-09,4.52332e-09,3.08082e-06,0.0071614,1.5483e-07,4.00059e-21,3.05588e-13,0.205014,1.46694e-05,4.44847e-09,2.26053e-12,3.03493e-05,4.10047e-05,1.41387e-07,1.21146e-07,2.56025e-06,3.19381e-08,3.52609e-07,5.48596e-06,4.73756e-08,8.52346e-11,5.31256e-12,9.58205e-14,4.56397e-06,3.99918e-09,3.69757e-07,1.66852e-07
0.04875,1230.75,1232.38,0.0892201,64560.4,2.63762e-20,0.630494,0.00176041,0.00040986,0.154626,1.39453e-08,4.63848e-09,6.94365e-09,3.57194e-06,0.00867159,1.60468e-07,9.58137e-21,6.0077e-13,0.20391,1.84728e-05,6.99673e-09,3.40863e-12,3.65794e-05,5.26919e-05,1.87839e-07,1.52486e-07,3.12769e-06,4.22977e-08,4.09967e-07,6.23547e-06,5.1284e-08,9.69037e-11,6.08832e-12,1.2324e-13,5.59267e-06,5.62104e-09,4.56974e-07,1.90825e-07
0.0495625,1249.81,1251.5,0.0906288,91462.7,2.63651e-20,0.63028,0.00220896,0.000444149,0.153841,1.90454e-08,6.56946e-09,1.06343e-08,4.1216e-06,0.01045,1.65321e-07,2.26258e-20,1.16952e-12,0.202618,2.31873e-05,1.09189e-08,5.08388e-12,4.3707e-05,6.70776e-05,2.47955e-07,1.90489e-07,3.78079e-06,5.53961e-08,4.70493e-07,7.01069e-06,5.50277e-08,1.09156e-10,6.86455e-12,1.56849e-13,6.79601e-06,7.83193e-09,5.58961e-07,2.16715e-07
0.050375,1268.98,1271,0.0920509,127820,2.63534e-20,0.630029,0.0027509,0.000481216,0.152902,2.58549e-08,9.23444e-09,1.61801e-08,4.72349e-06,0.0125247,1.69308e-07,5.22313e-20,2.23769e-12,0.201119,2.8931e-05,1.68189e-08,7.47298e-12,5.17127e-05,8.45226e-05,3.2443e-07,2.35943e-07,4.51685e-06,7.15634e-08,5.32889e-07,7.79548e-06,5.85551e-08,1.21785e-10,7.61749e-12,1.97657e-13,8.19089e-06,1.07881e-08,6.7572e-07,2.44302e-07
0.0511875,1287.08,1289.38,0.0934017,174806,2.6341e-20,0.62974,0.00339751,0.000521178,0.151792,3.46354e-08,1.2744e-08,2.41674e-08,5.33517e-06,0.014921,1.72402e-07,1.14944e-19,4.12164e-12,0.199394,3.56073e-05,2.51988e-08,1.07122e-11,6.03783e-05,0.000105345,4.17456e-07,2.89491e-07,5.31433e-06,9.04555e-08,5.94865e-07,8.56522e-06,6.18807e-08,1.34406e-10,8.32868e-12,2.47672e-13,9.78688e-06,1.46151e-08,8.0706e-07,2.73777e-07
0.052,1302.69,1304,0.0945782,232475,2.63282e-20,0.62941,0.00415929,0.000564097,0.150497,4.54838e-08,1.70899e-08,3.50306e-08,5.89008e-06,0.0176615,1.7463e-07,2.35004e-19,7.17874e-12,0.19743,4.29365e-05,3.62542e-08,1.4827e-11,6.93266e-05,0.000129804,5.24449e-07,3.51609e-07,6.13766e-06,1.10944e-07,6.53428e-07,9.29199e-06,6.50412e-08,1.46505e-10,8.98999e-12,3.1054e-13,1.15885e-05,1.94208e-08,9.55303e-07,3.06075e-07
0.0528125,1317.21,1318.63,0.0956833,300980,2.6315e-20,0.629037,0.00504463,0.000609896,0.149003,5.87267e-08,2.24382e-08,4.97027e-08,6.41879e-06,0.0207612,1.7553e-07,4.57762e-19,1.1976e-11,0.195216,5.09614e-05,5.05918e-08,1.99318e-11,7.8376e-05,0.000158035,6.46102e-07,4.22557e-07,6.96484e-06,1.32977e-07,7.06638e-07,9.95658e-06,6.77369e-08,1.57706e-10,9.55668e-12,3.84311e-13,1.36045e-05,2.52414e-08,1.11333e-06,3.39431e-07
0.053625,1329.53,1330.12,0.0966358,379245,2.63014e-20,0.628621,0.00606054,0.000658424,0.147302,7.43637e-08,2.86942e-08,6.85856e-08,6.86631e-06,0.0242307,1.75389e-07,8.35392e-19,1.90024e-11,0.192745,5.93613e-05,6.81031e-08,2.59293e-11,8.71818e-05,0.00019009,7.78639e-07,5.024e-07,7.76409e-06,1.55127e-07,7.52361e-07,1.05476e-05,7.00856e-08,1.67716e-10,1.00441e-11,4.73528e-13,1.5837e-05,3.21639e-08,1.28563e-06,3.75205e-07
0.0544375,1340.57,1340.69,0.0975027,467055,2.62876e-20,0.628163,0.00721151,0.000709402,0.145389,9.27117e-08,3.59838e-08,9.27065e-08,7.25785e-06,0.0280727,1.74142e-07,1.45473e-18,2.90443e-11,0.190015,6.81672e-05,8.92585e-08,3.28745e-11,9.56747e-05,0.000225885,9.22646e-07,5.91007e-07,8.5249e-06,1.77284e-07,7.9011e-07,1.10653e-05,7.19895e-08,1.76483e-10,1.04412e-11,5.77711e-13,1.82933e-05,4.02406e-08,1.46839e-06,4.12469e-07
0.05525,1350.53,1350.38,0.0982988,564086,2.62738e-20,0.627663,0.00849946,0.000762446,0.143262,1.14037e-07,4.43744e-08,1.23053e-07,7.59674e-06,0.0322817,1.71952e-07,2.4315e-18,4.30203e-11,0.18703,7.73287e-05,1.14375e-07,4.07824e-11,0.0001038,0.000265213,1.07799e-06,6.88042e-07,9.23832e-06,1.99079e-07,8.19792e-07,1.15162e-05,7.34889e-08,1.84063e-10,1.07582e-11,6.98297e-13,2.09774e-05,4.95505e-08,1.66102e-06,4.5115e-07
0.0560625,1359.07,1358.09,0.0989988,669165,2.62601e-20,0.627126,0.00992351,0.000817069,0.140924,1.38389e-07,5.37772e-08,1.60184e-07,7.86481e-06,0.0368441,1.6908e-07,3.88749e-18,6.17557e-11,0.183799,8.66441e-05,1.43257e-07,4.95367e-11,0.000111449,0.000307746,1.24246e-06,7.92969e-07,9.89089e-06,2.19654e-07,8.41219e-07,1.19096e-05,7.47114e-08,1.90547e-10,1.10223e-11,8.39705e-13,2.38864e-05,6.02028e-08,1.86706e-06,4.92176e-07
0.056875,1367.14,1365.81,0.0996715,783661,2.62466e-20,0.626555,0.0114787,0.000872648,0.138386,1.66423e-07,6.44875e-08,2.05961e-07,8.10193e-06,0.0417346,1.65566e-07,6.05115e-18,8.70007e-11,0.18034,9.63344e-05,1.76985e-07,5.93686e-11,0.000118803,0.000352985,1.42016e-06,9.05039e-07,1.04923e-05,2.39663e-07,8.55647e-07,1.22557e-05,7.56119e-08,1.96132e-10,1.12276e-11,9.99962e-13,2.70224e-05,7.23025e-08,2.08108e-06,5.34239e-07
0.0576875,1374.65,1372.84,0.100309,907013,2.62336e-20,0.625957,0.0131549,0.000928369,0.135665,1.98323e-07,7.65085e-08,2.61439e-07,8.30452e-06,0.0469149,1.61598e-07,9.16141e-18,1.20334e-10,0.176677,0.000106302,2.1573e-07,7.02588e-11,0.000125846,0.000400235,1.61063e-06,1.02319e-06,1.10362e-05,2.58708e-07,8.63486e-07,1.25601e-05,7.6253e-08,2.00893e-10,1.13872e-11,1.18079e-12,3.03585e-05,8.59158e-08,2.30272e-06,5.77345e-07
0.0585,1381.73,1379.75,0.100921,1.03584e+06,2.62213e-20,0.625339,0.0149358,0.000983158,0.132789,2.33818e-07,8.9711e-08,3.27321e-07,8.47749e-06,0.0523306,1.57179e-07,1.34927e-17,1.63031e-10,0.172849,0.000116336,2.59141e-07,8.20108e-11,0.000132442,0.000448544,1.81039e-06,1.14601e-06,1.15074e-05,2.76381e-07,8.64864e-07,1.28148e-05,7.65651e-08,2.04662e-10,1.14881e-11,1.37805e-12,3.38095e-05,1.00729e-07,2.52258e-06,6.19728e-07
0.0589063,1384.87,1383.2,0.101199,1.09703e+06,2.62152e-20,0.625026,0.0158578,0.00100973,0.131306,2.52156e-07,9.6411e-08,3.63213e-07,8.54088e-06,0.0551038,1.54801e-07,1.61075e-17,1.87153e-10,0.17089,0.000121061,2.81329e-07,8.78362e-11,0.000135368,0.000472681,1.90789e-06,1.20857e-06,1.16999e-05,2.84027e-07,8.62696e-07,1.29183e-05,7.65846e-08,2.06022e-10,1.1516e-11,1.48152e-12,3.55126e-05,1.08261e-07,2.628e-06,6.40099e-07
0.0593125,1387.34,1385.09,0.10143,1.15603e+06,2.62092e-20,0.624711,0.0167987,0.00103554,0.129796,2.70386e-07,1.02894e-07,3.99948e-07,8.57325e-06,0.0579122,1.52409e-07,1.89085e-17,2.12272e-10,0.168906,0.000125401,3.02844e-07,9.33514e-11,0.00013793,0.000496638,2.0005e-06,1.27168e-06,1.1856e-05,2.90253e-07,8.58283e-07,1.3006e-05,7.6567e-08,2.0701e-10,1.15421e-11,1.59189e-12,3.71732e-05,1.15851e-07,2.7343e-06,6.60716e-07
0.0597188,1389.35,1386.52,0.101627,1.21076e+06,2.62034e-20,0.624396,0.0177553,0.00106043,0.128265,2.88319e-07,1.09119e-07,4.37361e-07,8.58197e-06,0.0607464,1.49956e-07,2.18812e-17,2.38063e-10,0.166904,0.000129341,3.23489e-07,9.84956e-11,0.000140122,0.000520252,2.08739e-06,1.33513e-06,1.19764e-05,2.95212e-07,8.51836e-07,1.3077e-05,7.64773e-08,2.07606e-10,1.15591e-11,1.70665e-12,3.87714e-05,1.23358e-07,2.83816e-06,6.80955e-07
0.060125,1391.11,1387.94,0.101805,1.26122e+06,2.61977e-20,0.624082,0.0187242,0.00108425,0.126719,3.05955e-07,1.15133e-07,4.75637e-07,8.57662e-06,0.0635975,1.47412e-07,2.50484e-17,2.64558e-10,0.164891,0.000132947,3.43429e-07,1.03304e-10,0.000141992,0.000543361,2.16917e-06,1.39872e-06,1.20655e-05,2.99196e-07,8.43749e-07,1.31301e-05,7.62816e-08,2.07808e-10,1.15591e-11,1.82292e-12,4.02949e-05,1.30681e-07,2.9364e-06,7.00129e-07
0.0605312,1392.71,1389.36,0.101973,1.30762e+06,2.61921e-20,0.623769,0.0197022,0.00110685,0.125161,3.23284e-07,1.20954e-07,5.14825e-07,8.56158e-06,0.0664559,1.44788e-07,2.84137e-17,2.9176e-10,0.162873,0.000136262,3.6276e-07,1.07801e-10,0.000143579,0.000565817,2.24638e-06,1.46224e-06,1.21273e-05,3.02374e-07,8.34349e-07,1.31654e-05,7.59746e-08,2.07635e-10,1.15399e-11,1.93931e-12,4.17359e-05,1.37779e-07,3.02804e-06,7.17988e-07
0.0609375,1394.15,1390.78,0.102129,1.34984e+06,2.61866e-20,0.623459,0.0206859,0.0011281,0.123599,3.40198e-07,1.26549e-07,5.54715e-07,8.53741e-06,0.0693126,1.42108e-07,3.19467e-17,3.19454e-10,0.160856,0.000139286,3.81373e-07,1.11963e-10,0.000144903,0.000587478,2.31884e-06,1.5255e-06,1.21639e-05,3.04789e-07,8.23853e-07,1.31844e-05,7.55678e-08,2.07118e-10,1.15032e-11,2.05534e-12,4.30872e-05,1.4462e-07,3.11321e-06,7.34545e-07
0.0613438,1395.33,1391.69,0.102266,1.38767e+06,2.61813e-20,0.623153,0.0216719,0.00114787,0.122036,3.56507e-07,1.31827e-07,5.94781e-07,8.50133e-06,0.0721584,1.3942e-07,3.55603e-17,3.47186e-10,0.158848,0.000141987,3.98971e-07,1.15722e-10,0.000145959,0.00060822,2.38589e-06,1.58831e-06,1.21762e-05,3.06353e-07,8.12381e-07,1.31889e-05,7.50892e-08,2.06295e-10,1.14552e-11,2.17212e-12,4.43411e-05,1.51207e-07,3.19349e-06,7.50091e-07
0.06175,1396.35,1392.5,0.102391,1.42082e+06,2.61761e-20,0.622853,0.0226568,0.00116606,0.120478,3.721e-07,1.36777e-07,6.34893e-07,8.45653e-06,0.0749841,1.36709e-07,3.92337e-17,3.74721e-10,0.156853,0.000144376,4.15509e-07,1.19072e-10,0.000146763,0.000627922,2.44733e-06,1.65049e-06,1.21663e-05,3.07192e-07,8.00132e-07,1.31789e-05,7.45283e-08,2.0517e-10,1.13927e-11,2.28761e-12,4.54897e-05,1.57449e-07,3.26725e-06,7.64307e-07
0.0621562,1397.26,1393.31,0.102507,1.44905e+06,2.61711e-20,0.622558,0.0236371,0.00118254,0.11893,3.86854e-07,1.41376e-07,6.74863e-07,8.40518e-06,0.0777808,1.33972e-07,4.29367e-17,4.0178e-10,0.15488,0.000146459,4.30923e-07,1.22e-10,0.000147325,0.000646474,2.50288e-06,1.71187e-06,1.21358e-05,3.07392e-07,7.87278e-07,1.31535e-05,7.38767e-08,2.03741e-10,1.13131e-11,2.39992e-12,4.65241e-05,1.63255e-07,3.33307e-06,7.76889e-07
0.0625625,1398.03,1394.12,0.102612,1.47175e+06,2.61662e-20,0.62227,0.0246095,0.00119723,0.117399,4.00533e-07,1.45549e-07,7.14199e-07,8.34693e-06,0.0805395,1.31212e-07,4.65944e-17,4.27778e-10,0.152933,0.000148203,4.4493e-07,1.24443e-10,0.000147632,0.000663779,2.55158e-06,1.77226e-06,1.20849e-05,3.06943e-07,7.73908e-07,1.31127e-05,7.31355e-08,2.02006e-10,1.12165e-11,2.50781e-12,4.74325e-05,1.68524e-07,3.39015e-06,7.87681e-07
0.0629687,1398.58,1394.94,0.1027,1.4879e+06,2.61614e-20,0.621989,0.0255705,0.00121003,0.115888,4.12755e-07,1.49145e-07,7.51964e-07,8.27854e-06,0.0832518,1.28451e-07,5.00587e-17,4.51686e-10,0.15102,0.000149528,4.56963e-07,1.26275e-10,0.000147649,0.000679761,2.59163e-06,1.83151e-06,1.20125e-05,3.05722e-07,7.60026e-07,1.30577e-05,7.23226e-08,1.99978e-10,1.11072e-11,2.61141e-12,4.82008e-05,1.7317e-07,3.43885e-06,7.96804e-07
0.063375,1398.68,1394.62,0.102754,1.497e+06,2.61568e-20,0.621717,0.0265171,0.00122089,0.114403,4.23108e-07,1.51961e-07,7.86719e-07,8.193e-06,0.0859104,1.25762e-07,5.30633e-17,4.72245e-10,0.149145,0.000150336,4.66284e-07,1.27338e-10,0.000147332,0.000694367,2.6214e-06,1.88946e-06,1.19176e-05,3.0346e-07,7.45584e-07,1.2992e-05,7.14892e-08,1.97712e-10,1.0998e-11,2.71499e-12,4.88187e-05,1.77245e-07,3.48302e-06,8.05017e-07
0.0637813,1398.51,1394.22,0.102788,1.49915e+06,2.61524e-20,0.621454,0.0274467,0.00122977,0.112948,4.31619e-07,1.54077e-07,8.1869e-07,8.09714e-06,0.0885084,1.23095e-07,5.5655e-17,4.89464e-10,0.147314,0.000150691,4.73176e-07,1.27718e-10,0.00014672,0.000707551,2.64141e-06,1.94599e-06,1.18036e-05,3.00452e-07,7.30814e-07,1.29142e-05,7.06034e-08,1.95197e-10,1.08801e-11,2.81403e-12,4.92864e-05,1.80616e-07,3.51928e-06,8.1165e-07
0.0641875,1398.21,1393.81,0.10281,1.49536e+06,2.61481e-20,0.6212,0.0283566,0.00123668,0.111526,4.38461e-07,1.55603e-07,8.48229e-07,7.9959e-06,0.0910398,1.2044e-07,5.78842e-17,5.03717e-10,0.145531,0.000150685,4.78077e-07,1.27538e-10,0.00014587,0.000719284,2.65313e-06,2.00102e-06,1.1675e-05,2.96935e-07,7.15947e-07,1.28237e-05,6.96523e-08,1.9245e-10,1.07492e-11,2.90603e-12,4.96127e-05,1.83269e-07,3.54646e-06,8.16402e-07
0.0645938,1397.81,1393.41,0.102824,1.4866e+06,2.61439e-20,0.620956,0.0292445,0.00124162,0.110141,4.43776e-07,1.56615e-07,8.75514e-07,7.89176e-06,0.0934993,1.17803e-07,5.97717e-17,5.15288e-10,0.143799,0.000150385,4.81302e-07,1.26893e-10,0.000144828,0.000729555,2.65776e-06,2.05444e-06,1.15353e-05,2.93057e-07,7.01152e-07,1.27212e-05,6.86402e-08,1.89503e-10,1.06048e-11,2.99005e-12,4.98095e-05,1.85241e-07,3.56487e-06,8.19285e-07
0.065,1397.34,1393,0.102831,1.47349e+06,2.61399e-20,0.620722,0.0301084,0.00124464,0.108796,4.47626e-07,1.57147e-07,9.00499e-07,7.78559e-06,0.0958819,1.15198e-07,6.1308e-17,5.2425e-10,0.142122,0.000149825,4.82993e-07,1.25842e-10,0.000143623,0.000738371,2.65597e-06,2.10617e-06,1.13869e-05,2.88894e-07,6.86532e-07,1.26082e-05,6.75787e-08,1.86396e-10,1.0449e-11,3.06589e-12,4.98869e-05,1.86573e-07,3.57531e-06,8.20435e-07
0.0654062,1396.76,1392.39,0.102828,1.45647e+06,2.61361e-20,0.620498,0.0309461,0.00124575,0.107493,4.50013e-07,1.57198e-07,9.22929e-07,7.67698e-06,0.0981831,1.12644e-07,6.24501e-17,5.30508e-10,0.140503,0.000149017,4.83157e-07,1.24407e-10,0.00014227,0.000745747,2.64804e-06,2.15614e-06,1.12314e-05,2.84457e-07,6.72142e-07,1.24865e-05,6.64847e-08,1.83166e-10,1.02851e-11,3.13431e-12,4.98525e-05,1.87312e-07,3.57898e-06,8.20088e-07
0.0658125,1396.11,1391.78,0.102819,1.43579e+06,2.61323e-20,0.620285,0.0317559,0.00124501,0.106236,4.50963e-07,1.56797e-07,9.42785e-07,7.56722e-06,0.100399,1.10134e-07,6.32137e-17,5.34087e-10,0.138946,0.000147983,4.81891e-07,1.22629e-10,0.000140783,0.000751703,2.63425e-06,2.20428e-06,1.107e-05,2.79823e-07,6.58046e-07,1.23563e-05,6.53567e-08,1.79824e-10,1.01123e-11,3.19397e-12,4.97114e-05,1.87439e-07,3.57541e-06,8.18149e-07
0.066625,1394.59,1390.56,0.102779,1.38497e+06,2.61255e-20,0.619891,0.0332865,0.00123809,0.103865,4.48464e-07,1.54643e-07,9.74055e-07,7.34469e-06,0.104564,1.05243e-07,6.35606e-17,5.3281e-10,0.136021,0.000145245,4.75041e-07,1.18087e-10,0.000137421,0.00075944,2.58894e-06,2.29487e-06,1.07317e-05,2.70027e-07,6.30797e-07,1.20705e-05,6.30038e-08,1.72827e-10,9.74024e-12,3.28451e-12,4.91135e-05,1.85792e-07,3.54606e-06,8.09402e-07
0.0674375,1392.37,1388.47,0.102681,1.31782e+06,2.61197e-20,0.619539,0.034694,0.00122447,0.101692,4.39298e-07,1.50324e-07,9.9013e-07,7.10631e-06,0.108366,1.006e-07,6.19297e-17,5.17581e-10,0.133357,0.000141378,4.60868e-07,1.12008e-10,0.000133434,0.000762376,2.51602e-06,2.37791e-06,1.03695e-05,2.59095e-07,6.04547e-07,1.17599e-05,6.06122e-08,1.65527e-10,9.35738e-12,3.34391e-12,4.80919e-05,1.81655e-07,3.49225e-06,7.95506e-07
0.06825,1389.42,1385.62,0.102522,1.23677e+06,2.61149e-20,0.619229,0.0359713,0.00120472,0.0997247,4.23581e-07,1.43928e-07,9.8971e-07,6.85325e-06,0.111794,9.61815e-08,5.84419e-17,4.88674e-10,0.130963,0.000136399,4.39541e-07,1.04537e-10,0.000128824,0.000760994,2.41581e-06,2.45316e-06,9.98513e-06,2.47133e-07,5.7928e-07,1.14237e-05,5.81788e-08,1.5794e-10,8.96296e-12,3.36898e-12,4.66514e-05,1.74999e-07,3.41288e-06,7.76338e-07
0.0690625,1385.85,1382.59,0.10231,1.14416e+06,2.61109e-20,0.61896,0.0371144,0.00117964,0.0979688,4.02013e-07,1.35757e-07,9.73211e-07,6.59033e-06,0.114843,9.19335e-08,5.35209e-17,4.48193e-10,0.128841,0.000130423,4.12021e-07,9.59836e-11,0.000123642,0.000755881,2.29083e-06,2.52055e-06,9.58122e-06,2.34402e-07,5.55006e-07,1.10596e-05,5.56799e-08,1.5007e-10,8.55047e-12,3.35402e-12,4.48188e-05,1.65882e-07,3.30543e-06,7.51501e-07
0.069875,1380.8,1377.31,0.101983,1.04035e+06,2.61077e-20,0.618728,0.0381233,0.00115016,0.0964226,3.74219e-07,1.25478e-07,9.35892e-07,6.2986e-06,0.11752,8.8035e-08,4.69131e-17,3.95386e-10,0.126987,0.000123142,3.76862e-07,8.61981e-11,0.000117762,0.000747774,2.13841e-06,2.58016e-06,9.15213e-06,2.20186e-07,5.31294e-07,1.06858e-05,5.32856e-08,1.4215e-10,8.1656e-12,3.3217e-12,4.26091e-05,1.54842e-07,3.18235e-06,7.24133e-07
0.0706875,1375.26,1372.03,0.101612,933844,2.61052e-20,0.618532,0.0390024,0.0011175,0.0950781,3.43538e-07,1.14456e-07,8.86909e-07,6.00663e-06,0.119841,8.43127e-08,4.00887e-17,3.3953e-10,0.125388,0.000115325,3.39205e-07,7.62887e-11,0.000111567,0.000737367,1.97365e-06,2.63232e-06,8.71483e-06,2.05809e-07,5.08639e-07,1.02925e-05,5.08687e-08,1.34169e-10,7.76964e-12,3.25372e-12,4.01645e-05,1.42366e-07,3.0372e-06,6.92635e-07
0.0715,1369.22,1366.25,0.101198,829166,2.61033e-20,0.618368,0.039758,0.00108284,0.0939242,3.11614e-07,1.03194e-07,8.29371e-07,5.71702e-06,0.121828,8.0814e-08,3.34822e-17,2.84599e-10,0.124029,0.000107233,3.00906e-07,6.66625e-11,0.00010521,0.000725408,1.80378e-06,2.67739e-06,8.27532e-06,1.9147e-07,4.87015e-07,9.88732e-06,4.84821e-08,1.26286e-10,7.3738e-12,3.15882e-12,3.75839e-05,1.29219e-07,2.87782e-06,6.58671e-07
0.0723125,1362.65,1360.16,0.10074,727493,2.61019e-20,0.618233,0.0403974,0.0010473,0.092949,2.79243e-07,9.19241e-08,7.64934e-07,5.42941e-06,0.123504,7.75136e-08,2.73391e-17,2.32422e-10,0.122891,9.89221e-05,2.62701e-07,5.74529e-11,9.87119e-05,0.000712636,1.6311e-06,2.71579e-06,7.83146e-06,1.77167e-07,4.66177e-07,9.47117e-06,4.61263e-08,1.18514e-10,6.97949e-12,3.03902e-12,3.49059e-05,1.15671e-07,2.70476e-06,6.22604e-07
0.073125,1354.93,1353.25,0.100191,627017,2.61009e-20,0.618124,0.0409287,0.00101188,0.0921396,2.46049e-07,8.04035e-08,6.91318e-07,5.13013e-06,0.124894,7.44484e-08,2.15625e-17,1.82498e-10,0.121957,9.00825e-05,2.23605e-07,4.84656e-11,9.19042e-05,0.000699793,1.45185e-06,2.74791e-06,7.37128e-06,1.62345e-07,4.45591e-07,9.04948e-06,4.38539e-08,1.10855e-10,6.60481e-12,2.90382e-12,3.21134e-05,1.01752e-07,2.51818e-06,5.85212e-07
0.0739375,1344.35,1341.87,0.099427,527237,2.61003e-20,0.618037,0.0413625,0.000977518,0.0914798,2.11508e-07,6.82397e-08,6.04127e-07,4.79071e-06,0.126027,7.19265e-08,1.5941e-17,1.34679e-10,0.121206,8.0286e-05,1.8248e-07,3.95102e-11,8.46005e-05,0.000687575,1.26297e-06,2.77429e-06,6.88404e-06,1.46039e-07,4.24717e-07,8.64512e-06,4.18941e-08,1.03531e-10,6.3111e-12,2.79037e-12,2.92078e-05,8.79548e-08,2.33159e-06,5.50361e-07
0.07475,1332.95,1330.5,0.0985979,435626,2.60999e-20,0.617968,0.0417114,0.000945197,0.0909494,1.79198e-07,5.69779e-08,5.18118e-07,4.45607e-06,0.126938,6.95965e-08,1.14579e-17,9.55789e-11,0.12061,7.06326e-05,1.45133e-07,3.15668e-11,7.7314e-05,0.000676347,1.08232e-06,2.79566e-06,6.39113e-06,1.30127e-07,4.04189e-07,8.23507e-06,3.99843e-08,9.63907e-11,6.02387e-12,2.65964e-12,2.63446e-05,7.46054e-08,2.13172e-06,5.14177e-07
0.0755625,1321.12,1318.84,0.0977338,355897,2.60997e-20,0.617915,0.0419885,0.000915655,0.090528,1.50528e-07,4.70973e-08,4.38656e-07,4.13705e-06,0.127662,6.74788e-08,8.09824e-18,6.60057e-11,0.120143,6.15993e-05,1.13354e-07,2.48928e-11,7.03237e-05,0.000666393,9.18624e-07,2.81275e-06,5.90673e-06,1.15157e-07,3.8427e-07,7.82508e-06,3.81438e-08,8.95757e-11,5.74295e-12,2.51815e-12,2.36322e-05,6.24059e-08,1.92862e-06,4.77961e-07
0.076375,1308.89,1307.06,0.0968374,287720,2.60995e-20,0.617875,0.0422053,0.000889366,0.0901981,1.25515e-07,3.85743e-08,3.66814e-07,3.8345e-06,0.128229,6.55943e-08,5.6376e-18,4.43807e-11,0.119783,5.32584e-05,8.69418e-08,1.93925e-11,6.37066e-05,0.000657924,7.72852e-07,2.82618e-06,5.43506e-06,1.01227e-07,3.65046e-07,7.42338e-06,3.64091e-08,8.31736e-11,5.47613e-12,2.37166e-12,2.11039e-05,5.15176e-08,1.72648e-06,4.42371e-07
0.0771875,1295.46,1294.16,0.0958503,229019,2.60995e-20,0.617845,0.0423719,0.000866568,0.0899444,1.03357e-07,3.10819e-08,3.00522e-07,3.53719e-06,0.128666,6.4112e-08,3.80211e-18,2.85995e-11,0.119512,4.53826e-05,6.47421e-08,1.48136e-11,5.73945e-05,0.000651082,6.41675e-07,2.83654e-06,4.97355e-06,8.80049e-08,3.46549e-07,7.04421e-06,3.48958e-08,7.72895e-11,5.25288e-12,2.2346e-12,1.87404e-05,4.18622e-08,1.52778e-06,4.0838e-07
0.078,1279.54,1277.5,0.0946766,178516,2.60993e-20,0.617822,0.0424977,0.000847301,0.0897532,8.34356e-08,2.43762e-08,2.38259e-07,3.23229e-06,0.128996,6.33901e-08,2.41628e-18,1.7274e-11,0.119311,3.78009e-05,4.60473e-08,1.09847e-11,5.13453e-05,0.000645893,5.23145e-07,2.84434e-06,4.52286e-06,7.51986e-08,3.29001e-07,6.70458e-06,3.37837e-08,7.20691e-11,5.116e-12,2.12948e-12,1.65203e-05,3.34097e-08,1.33646e-06,3.77389e-07
0.0788125,1262.64,1260.84,0.09343,136395,2.60992e-20,0.617806,0.0425911,0.000831459,0.0896113,6.62788e-08,1.87425e-08,1.843e-07,2.94305e-06,0.129242,6.31696e-08,1.48192e-18,9.86241e-12,0.119166,3.08808e-05,3.14928e-08,7.96202e-12,4.57409e-05,0.000642185,4.20235e-07,2.8501e-06,4.09127e-06,6.35655e-08,3.12998e-07,6.39873e-06,3.29381e-08,6.74501e-11,5.02625e-12,2.02709e-12,1.44677e-05,2.60255e-08,1.14427e-06,3.46407e-07
0.079625,1244.14,1242,0.0920634,102302,2.60989e-20,0.617795,0.0426594,0.000818773,0.0895075,5.16969e-08,1.40753e-08,1.38402e-07,2.66658e-06,0.129423,6.38208e-08,8.64973e-19,5.28228e-12,0.119062,2.46724e-05,2.05856e-08,5.63448e-12,4.06545e-05,0.000639755,3.3317e-07,2.85426e-06,3.68884e-06,5.30991e-08,2.99175e-07,6.14565e-06,3.25398e-08,6.36329e-11,5.02076e-12,1.94719e-12,1.25887e-05,1.98199e-08,9.5958e-07,3.16814e-07
0.0804375,1224.65,1222.5,0.0906228,75383,2.60985e-20,0.617787,0.042709,0.000808876,0.0894324,3.95961e-08,1.03423e-08,1.01104e-07,2.41156e-06,0.129554,6.54402e-08,4.83902e-19,2.65376e-12,0.118988,1.92788e-05,1.28653e-08,3.90678e-12,3.61663e-05,0.000638346,2.61561e-07,2.85722e-06,3.32418e-06,4.40413e-08,2.88287e-07,5.96247e-06,3.26768e-08,6.07776e-11,5.11083e-12,1.88446e-12,1.08921e-05,1.47137e-08,7.83541e-07,2.88016e-07
0.0808437,1214.49,1212.75,0.0898718,64283.1,2.60981e-20,0.617783,0.0427285,0.000804828,0.0894027,3.43834e-08,8.78409e-09,8.54274e-08,2.29211e-06,0.129605,6.67727e-08,3.55356e-19,1.83124e-12,0.11896,1.68837e-05,9.98194e-09,3.22854e-12,3.41567e-05,0.000637933,2.31132e-07,2.85836e-06,3.15973e-06,4.00494e-08,2.84196e-07,5.90772e-06,3.30324e-08,5.98161e-11,5.20788e-12,1.86335e-12,1.01137e-05,1.25586e-08,7.00632e-07,2.7426e-07
0.08125,1203.74,1201.75,0.0890764,54632.8,2.60975e-20,0.617781,0.042745,0.000801323,0.0893778,2.96737e-08,7.40204e-09,7.14791e-08,2.17624e-06,0.129649,6.86586e-08,2.5603e-19,1.23883e-12,0.118936,1.46811e-05,7.63563e-09,2.65358e-12,3.23049e-05,0.0006377,2.04093e-07,2.8593e-06,3.00928e-06,3.6365e-08,2.81109e-07,5.88402e-06,3.36697e-08,5.92357e-11,5.35688e-12,1.85798e-12,9.38211e-06,1.06658e-08,6.22649e-07,2.61338e-07
0.0816562,1192.45,1189.97,0.0882418,46271,2.60967e-20,0.617779,0.0427587,0.000798306,0.0893569,2.54442e-08,6.18772e-09,5.92281e-08,2.06445e-06,0.129686,7.11818e-08,1.81023e-19,8.21207e-13,0.118917,1.26729e-05,5.75745e-09,2.16992e-12,3.06087e-05,0.000637616,1.80197e-07,2.86007e-06,2.87357e-06,3.29988e-08,2.79044e-07,5.89492e-06,3.46295e-08,5.90735e-11,5.56269e-12,1.86843e-12,8.69733e-06,9.01415e-09,5.49781e-07,2.49282e-07
0.0820625,1180.89,1178.19,0.0873864,39055.2,2.60957e-20,0.617777,0.0427702,0.00079572,0.0893394,2.16853e-08,5.13686e-09,4.86711e-08,1.95804e-06,0.129716,7.43691e-08,1.26109e-19,5.34349e-13,0.118901,1.08661e-05,4.28587e-09,1.76734e-12,2.90658e-05,0.000637654,1.59218e-07,2.8607e-06,2.75265e-06,2.99705e-08,2.77979e-07,5.94275e-06,3.59341e-08,5.93537e-11,5.82512e-12,1.89144e-12,8.05978e-06,7.58032e-09,4.81949e-07,2.37969e-07
0.0824687,1169.14,1166.41,0.0865175,32875.5,2.60944e-20,0.617776,0.0427798,0.000793512,0.0893246,1.83784e-08,4.23821e-09,3.97072e-08,1.85709e-06,0.129742,7.82955e-08,8.67186e-20,3.42062e-13,0.118887,9.26085e-06,3.15521e-09,1.43519e-12,2.76697e-05,0.000637786,1.40937e-07,2.86121e-06,2.64645e-06,2.72674e-08,2.77842e-07,6.02918e-06,3.76219e-08,6.00982e-11,6.14582e-12,1.92713e-12,7.46921e-06,6.34774e-09,4.19493e-07,2.27411e-07
0.082875,1157.21,1154.63,0.0856345,27622.2,2.60928e-20,0.617774,0.0427879,0.000791634,0.0893122,1.54938e-08,3.47624e-09,3.21775e-08,1.76078e-06,0.129764,8.3101e-08,5.88504e-20,2.15868e-13,0.118876,7.84965e-06,2.30071e-09,1.16288e-12,2.64099e-05,0.000637989,1.25108e-07,2.86162e-06,2.55482e-06,2.48595e-08,2.78521e-07,6.15512e-06,3.97479e-08,6.13292e-11,6.52593e-12,1.97798e-12,6.92453e-06,5.30081e-09,3.62893e-07,2.17743e-07
0.0832813,1144.94,1142.14,0.0847271,23193.4,2.6091e-20,0.617773,0.0427946,0.000790039,0.0893017,1.29948e-08,2.83371e-09,2.58985e-08,1.66774e-06,0.129782,8.89898e-08,3.93019e-20,1.34554e-13,0.118867,6.62011e-06,1.66375e-09,9.40629e-13,2.52732e-05,0.000638245,1.11483e-07,2.86195e-06,2.47745e-06,2.27021e-08,2.7987e-07,6.32039e-06,4.23876e-08,6.30626e-11,6.96405e-12,2.05005e-12,6.42397e-06,4.42281e-09,3.12505e-07,2.09148e-07
0.0836875,1132.43,1129.34,0.0838014,19474,2.60888e-20,0.617773,0.0428002,0.000788686,0.0892928,1.08491e-08,2.29743e-09,2.07285e-08,1.57749e-06,0.129798,9.61138e-08,2.58695e-20,8.30967e-14,0.118859,5.56022e-06,1.19605e-09,7.60261e-13,2.42473e-05,0.000638535,9.97961e-08,2.86222e-06,2.41344e-06,2.07741e-08,2.81732e-07,6.52299e-06,4.55918e-08,6.53001e-11,7.44724e-12,2.14436e-12,5.96575e-06,3.69226e-09,2.68228e-07,2.01661e-07
0.0840937,1119.81,1116.55,0.0828677,16362.1,2.60864e-20,0.617772,0.042805,0.00078754,0.0892852,9.02498e-09,1.85493e-09,1.65288e-08,1.48989e-06,0.129811,1.04603e-07,1.68364e-20,5.10582e-14,0.118853,4.65689e-06,8.57512e-10,6.1475e-13,2.33204e-05,0.000638847,8.97983e-08,2.86243e-06,2.36154e-06,1.90572e-08,2.83943e-07,6.75923e-06,4.93976e-08,6.80292e-11,7.95438e-12,2.26064e-12,5.54794e-06,3.08806e-09,2.29751e-07,1.95244e-07
0.0845,1107.17,1103.75,0.0819325,13770.4,2.60836e-20,0.617771,0.0428089,0.000786568,0.0892788,7.48839e-09,1.49328e-09,1.3154e-08,1.40478e-06,0.129822,1.14611e-07,1.08613e-20,3.13411e-14,0.118847,3.89469e-06,6.15038e-10,4.97923e-13,2.24816e-05,0.000639168,8.12699e-08,2.86259e-06,2.32055e-06,1.75289e-08,2.86345e-07,7.02405e-06,5.38454e-08,7.12308e-11,8.45838e-12,2.39992e-12,5.16837e-06,2.59111e-09,1.96708e-07,1.89852e-07
0.0853125,1082.07,1078.56,0.0800753,9883.68,2.60771e-20,0.617771,0.042815,0.000785061,0.0892685,5.15697e-09,9.67194e-10,8.36674e-09,1.24103e-06,0.12984,1.39895e-07,4.4555e-21,1.21268e-14,0.118838,2.73741e-06,3.23305e-10,3.31118e-13,2.10312e-05,0.000639817,6.79861e-08,2.86282e-06,2.26822e-06,1.4958e-08,2.91328e-07,7.62454e-06,6.49143e-08,7.90496e-11,9.35135e-12,2.76914e-12,4.51366e-06,1.8597e-09,1.45558e-07,1.81989e-07
0.086125,1057.41,1054.03,0.0782501,7193.09,2.60698e-20,0.61777,0.0428195,0.000783971,0.0892607,3.54623e-09,6.24987e-10,5.35756e-09,1.08474e-06,0.129853,1.73111e-07,1.79597e-21,4.85195e-15,0.118831,1.93603e-06,1.74939e-10,2.23631e-13,1.98057e-05,0.000640428,5.81974e-08,2.86297e-06,2.24214e-06,1.28587e-08,2.9576e-07,8.26769e-06,7.91398e-08,8.84845e-11,9.87111e-12,3.26279e-12,3.97355e-06,1.36391e-09,1.08952e-07,1.77053e-07
0.0869375,1032.87,1029.49,0.0764345,5316.13,2.60614e-20,0.61777,0.0428228,0.00078318,0.0892547,2.43333e-09,4.02114e-10,3.45575e-09,9.34631e-07,0.129863,2.15634e-07,7.05613e-22,2.01608e-15,0.118826,1.3801e-06,9.77008e-11,1.53478e-13,1.87565e-05,0.000640981,5.08453e-08,2.86306e-06,2.23469e-06,1.1081e-08,2.99259e-07,8.91377e-06,9.73968e-08,9.96034e-11,9.84565e-12,3.93767e-12,3.52929e-06,1.02402e-09,8.30512e-08,1.74662e-07
0.08775,1008.39,1004.95,0.0746228,3978.58,2.60517e-20,0.617769,0.0428252,0.000782606,0.08925,1.65931e-09,2.56428e-10,2.24084e-09,7.91445e-07,0.129871,2.67466e-07,2.68219e-22,8.62951e-16,0.118822,9.89696e-07,5.60005e-11,1.06759e-13,1.78534e-05,0.000641469,4.51351e-08,2.86311e-06,2.2384e-06,9.5333e-09,3.01746e-07,9.52973e-06,1.20965e-07,1.12653e-10,9.23981e-12,4.86025e-12,3.16511e-06,7.84169e-10,6.46023e-08,1.74287e-07
0.0885625,983.985,980.413,0.0728168,3003.14,2.60407e-20,0.617769,0.0428271,0.00078219,0.0892464,1.11882e-09,1.61235e-10,1.45683e-09,6.5716e-07,0.129876,3.26571e-07,9.80283e-23,3.75845e-16,0.118819,7.11738e-07,3.26652e-11,7.50042e-14,1.70785e-05,0.000641889,4.05263e-08,2.86315e-06,2.24607e-06,8.15956e-09,3.03338e-07,1.0091e-05,1.51572e-07,1.27953e-10,8.1707e-12,6.11898e-12,2.86795e-06,6.08726e-10,5.12358e-08,1.75313e-07
0.089375,959.892,955.875,0.0710339,2281.42,2.60281e-20,0.617769,0.0428286,0.000781888,0.0892435,7.44445e-10,9.9808e-11,9.50035e-10,5.3509e-07,0.129881,3.89066e-07,3.45308e-23,1.65432e-16,0.118817,5.1271e-07,1.92954e-11,5.31437e-14,1.64208e-05,0.000642247,3.66941e-08,2.86317e-06,2.25119e-06,6.9358e-09,3.04242e-07,1.05819e-05,1.90917e-07,1.45517e-10,6.85918e-12,7.82196e-12,2.62674e-06,4.7643e-10,4.13502e-08,1.77046e-07
0.0901875,937.269,932.8,0.0693598,1747.43,2.60137e-20,0.617769,0.0428297,0.000781668,0.0892412,4.94214e-10,6.17173e-11,6.29466e-10,4.30374e-07,0.129885,4.50284e-07,1.22367e-23,7.47166e-17,0.118815,3.7241e-07,1.16582e-11,3.81792e-14,1.58727e-05,0.000642548,3.34812e-08,2.86318e-06,2.24794e-06,5.88839e-09,3.04688e-07,1.09949e-05,2.39546e-07,1.65044e-10,5.58574e-12,9.96442e-12,2.43199e-06,3.75509e-10,3.38656e-08,1.78732e-07
0.091,917.784,914.6,0.0679178,1352.87,2.59974e-20,0.617769,0.0428306,0.000781508,0.0892394,3.3436e-10,3.91742e-11,4.32013e-10,3.4614e-07,0.129887,5.06674e-07,4.69999e-24,3.56122e-17,0.118813,2.7561e-07,7.34088e-12,2.80391e-14,1.5425e-05,0.000642798,3.07929e-08,2.86319e-06,2.23305e-06,5.05422e-09,3.04853e-07,1.13304e-05,2.97144e-07,1.86876e-10,4.55652e-12,1.23141e-11,2.27557e-06,2.98694e-10,2.80857e-08,1.79981e-07
0.0922188,890.134,887.3,0.0658717,944.75,2.59685e-20,0.617769,0.0428315,0.000781349,0.0892374,1.87142e-10,1.99191e-11,2.52828e-10,2.47091e-07,0.12989,5.80386e-07,1.12803e-24,1.22929e-17,0.118811,1.78872e-07,3.79104e-12,1.81483e-14,1.49057e-05,0.000643093,2.75103e-08,2.8632e-06,2.19328e-06,3.99159e-09,3.04757e-07,1.17017e-05,4.03837e-07,2.21527e-10,3.25431e-12,1.7078e-11,2.09852e-06,2.15821e-10,2.19195e-08,1.81723e-07
0.0934375,862.887,860,0.0638553,660.156,2.59339e-20,0.617769,0.0428322,0.000781251,0.089236,1.01294e-10,9.7395e-12,1.47714e-10,1.7158e-07,0.129893,6.39991e-07,2.51104e-25,4.12234e-18,0.11881,1.14808e-07,1.92848e-12,1.17274e-14,1.45175e-05,0.000643314,2.48441e-08,2.8632e-06,2.13541e-06,3.09301e-09,3.04505e-07,1.19526e-05,5.33527e-07,2.53492e-10,2.21665e-12,2.41715e-11,1.96977e-06,1.55053e-10,1.7626e-08,1.83502e-07
0.0946562,836.243,832.7,0.0618836,461.933,2.58923e-20,0.617769,0.0428327,0.000781189,0.0892349,5.32566e-11,4.60028e-12,8.66848e-11,1.16767e-07,0.129894,6.86124e-07,5.22722e-26,1.34784e-18,0.118809,7.2974e-08,9.66589e-13,7.56259e-15,1.4231e-05,0.000643481,2.28084e-08,2.8632e-06,2.06207e-06,2.35584e-09,3.04227e-07,1.21107e-05,6.80218e-07,2.78158e-10,1.45637e-12,3.44069e-11,1.87589e-06,1.10722e-10,1.46086e-08,1.85083e-07
0.095875,814.202,811.525,0.0602526,331.364,2.58422e-20,0.617769,0.042833,0.00078115,0.0892342,2.95013e-11,2.31681e-12,5.43261e-11,8.15707e-08,0.129895,7.20924e-07,1.29747e-26,4.84714e-19,0.118809,4.80152e-08,5.16304e-13,5.05249e-15,1.40242e-05,0.000643606,2.13709e-08,2.8632e-06,1.97702e-06,1.83403e-09,3.03982e-07,1.22014e-05,8.34248e-07,2.98955e-10,9.97904e-13,4.67385e-11,1.80642e-06,8.05945e-11,1.24481e-08,1.86219e-07
0.0983125,776.141,773.988,0.057436,192.531,2.57101e-20,0.617769,0.0428335,0.00078111,0.0892332,1.0382e-11,6.80376e-13,2.51926e-11,4.35157e-08,0.129897,7.64639e-07,9.63606e-28,8.27852e-20,0.118808,2.34498e-08,1.72004e-13,2.56142e-15,1.37803e-05,0.00064377,2.0109e-08,2.8632e-06,1.7933e-06,1.12969e-09,3.03614e-07,1.22346e-05,1.15134e-06,3.22416e-10,4.8488e-13,8.1313e-11,1.71855e-06,4.73818e-11,1.00158e-08,1.87702e-07
0.10075,739.66,737.5,0.0547363,120.367,2.55228e-20,0.617769,0.0428337,0.000781092,0.0892326,3.77884e-12,2.03385e-13,1.30018e-11,2.42492e-08,0.129898,7.91034e-07,7.3503e-29,1.55657e-20,0.118807,1.20662e-08,5.91663e-14,1.3818e-15,1.36508e-05,0.000643876,2.09638e-08,2.8632e-06,1.60998e-06,6.74144e-10,3.0337e-07,1.2175e-05,1.46084e-06,3.14981e-10,2.23305e-13,1.27229e-10,1.66322e-06,2.95966e-11,8.74718e-09,1.88707e-07
0.103188,705.35,703.375,0.0521973,82.8899,2.52548e-20,0.617769,0.0428339,0.000781083,0.0892321,1.50287e-12,6.557e-14,7.75078e-12,1.46445e-08,0.129898,8.07777e-07,5.59862e-30,3.50476e-21,0.118807,6.80142e-09,2.19412e-14,8.21067e-16,1.3588e-05,0.00064395,2.42842e-08,2.8632e-06,1.43329e-06,3.92763e-10,3.0321e-07,1.20659e-05,1.75537e-06,2.88445e-10,9.94805e-14,1.78299e-10,1.62628e-06,2.03736e-11,8.10421e-09,1.89452e-07
0.105625,670.032,668,0.0495837,62.1332,2.48671e-20,0.617769,0.0428341,0.000781079,0.0892318,6.22248e-13,2.12328e-14,5.22244e-12,9.43027e-09,0.129899,8.189e-07,3.5492e-31,8.76583e-22,0.118807,4.11454e-09,8.22968e-15,5.28387e-16,1.35647e-05,0.000644004,3.19207e-08,2.8632e-06,1.26365e-06,2.14048e-10,3.03106e-07,1.19286e-05,2.03541e-06,2.45609e-10,3.96944e-14,2.31879e-10,1.60073e-06,1.54623e-11,7.8105e-09,1.90105e-07
0.108063,631.446,629,0.0467282,49.5177,2.42972e-20,0.617769,0.0428342,0.000781077,0.0892316,2.52378e-13,6.3096e-15,3.86887e-12,6.2876e-09,0.129899,8.2646e-07,1.46758e-32,2.18376e-22,0.118806,2.57706e-09,2.86634e-15,3.5686e-16,1.35658e-05,0.000644045,4.85885e-08,2.8632e-06,1.09783e-06,1.0548e-10,3.03038e-07,1.17716e-05,2.30441e-06,1.92385e-10,1.29945e-14,2.8824e-10,1.58295e-06,1.27709e-11,7.70091e-09,1.90763e-07
0.1105,591.792,589.2,0.0437938,40.3733,2.34467e-20,0.617769,0.0428343,0.000781076,0.0892314,9.91225e-14,1.69421e-15,3.00654e-12,4.19054e-09,0.129899,8.31453e-07,4.14133e-34,5.02324e-23,0.118806,1.61214e-09,8.99912e-16,2.43296e-16,1.35828e-05,0.000644076,8.11723e-08,2.8632e-06,9.32782e-07,5.00793e-11,3.02997e-07,1.1598e-05,2.56396e-06,1.47627e-10,3.55938e-15,3.47092e-10,1.57092e-06,1.10227e-11,7.66938e-09,1.91443e-07
0.112937,549.444,546.3,0.0406599,30.3917,2.2152e-20,0.617769,0.0428343,0.000781076,0.0892313,3.17531e-14,3.29532e-16,2.11591e-12,2.40795e-09,0.1299,8.34331e-07,5.5197e-36,7.69324e-24,0.118806,8.6652e-10,2.05699e-16,1.44861e-16,1.3611e-05,0.000644098,1.39214e-07,2.8632e-06,7.657e-07,2.48821e-11,3.02975e-07,1.14069e-05,2.8135e-06,1.27666e-10,7.34354e-16,4.03657e-10,1.56361e-06,8.79041e-12,7.66327e-09,1.92068e-07
0.115375,508.996,505.5,0.0376667,20.5398,2.01483e-20,0.617769,0.0428343,0.000781075,0.0892312,8.36103e-15,4.72459e-17,1.2463e-12,1.13196e-09,0.1299,8.35722e-07,6.7599e-38,7.10456e-25,0.118806,3.8111e-10,3.45875e-17,7.10911e-17,1.3646e-05,0.000644112,2.17446e-07,2.8632e-06,6.02111e-07,1.31311e-11,3.02964e-07,1.12088e-05,3.04601e-06,1.24189e-10,1.31207e-16,4.50225e-10,1.5597e-06,5.9891e-12,7.66213e-09,1.92531e-07
0.117813,478.734,476.25,0.0354273,14.3049,1.70344e-20,0.617769,0.0428344,0.000781075,0.0892312,2.55829e-15,8.04619e-18,7.22702e-13,5.43327e-10,0.1299,8.3636e-07,0,1.00881e-25,0.118806,1.73031e-10,6.80201e-18,3.53673e-17,1.36833e-05,0.000644121,2.94433e-07,2.8632e-06,4.55715e-07,7.20906e-12,3.02959e-07,1.10244e-05,3.25054e-06,1.23721e-10,3.27875e-17,4.84873e-10,1.55763e-06,3.95761e-12,7.66173e-09,1.92831e-07
0.12025,450.632,448,0.0333477,9.79619,1.21245e-20,0.617769,0.0428344,0.000781075,0.0892312,6.9893e-16,1.11472e-18,3.66692e-13,2.27514e-10,0.1299,8.36619e-07,0,5.01011e-26,0.118806,6.87882e-11,1.12018e-18,1.54285e-17,1.3719e-05,0.000644128,3.62888e-07,2.8632e-06,3.30917e-07,4.03316e-12,3.02956e-07,1.08622e-05,3.42356e-06,1.23703e-10,1.04382e-17,5.0776e-10,1.55661e-06,2.33316e-12,7.66151e-09,1.93002e-07
0.122687,430.267,428.5,0.0318406,7.19313,4.36343e-21,0.617769,0.0428344,0.000781075,0.0892311,2.4104e-16,2.04069e-19,2.0192e-13,1.07789e-10,0.1299,8.3673e-07,0,4.21496e-26,0.118806,3.12556e-11,2.48233e-19,7.54341e-18,1.37517e-05,0.000644134,4.13771e-07,2.8632e-06,2.32235e-07,2.31487e-12,3.02955e-07,1.0729e-05,3.56311e-06,1.23716e-10,6.07569e-18,5.22875e-10,1.55606e-06,1.45518e-12,7.66139e-09,1.93101e-07
0.125125,410.833,409.075,0.0304024,5.26622,0,0.617769,0.0428344,0.000781075,0.0892311,7.74754e-17,2.6971e-20,1.02681e-13,4.70426e-11,0.1299,8.36774e-07,6.36938e-44,8.44646e-29,0.118806,1.31111e-11,4.8656e-20,3.40968e-18,1.37804e-05,0.000644139,4.49479e-07,2.8632e-06,1.56541e-07,1.34379e-12,3.02954e-07,1.06227e-05,3.67309e-06,1.23723e-10,4.68372e-18,5.32245e-10,1.55579e-06,8.5145e-13,7.66131e-09,1.93154e-07
0.126344,401.696,400.056,0.0297263,4.5016,0,0.617769,0.0428344,0.000781075,0.0892311,4.34137e-17,9.3516e-21,7.18081e-14,3.05144e-11,0.1299,8.36786e-07,0,0,0.118806,8.33279e-12,2.14297e-20,2.24848e-18,1.37932e-05,0.000644141,4.62858e-07,2.8632e-06,1.25734e-07,1.00642e-12,3.02954e-07,1.0578e-05,3.71944e-06,1.23726e-10,4.37683e-18,5.35696e-10,1.5557e-06,6.39644e-13,7.66129e-09,1.93171e-07
0.127562,392.683,391.038,0.0290593,3.85311,0,0.617769,0.0428344,0.000781075,0.0892311,2.39008e-17,2.39233e-21,4.93096e-14,1.94107e-11,0.1299,8.36794e-07,0,0,0.118806,5.19637e-12,9.20718e-21,1.45582e-18,1.38043e-05,0.000644143,4.73109e-07,2.8632e-06,1.00392e-07,7.58381e-13,3.02954e-07,1.054e-05,3.75892e-06,1.23727e-10,4.1706e-18,5.3829e-10,1.55564e-06,4.74304e-13,7.66127e-09,1.93184e-07
0.128172,388.233,386.528,0.02873,3.57297,0,0.617769,0.0428344,0.000781075,0.0892311,1.75976e-17,0,4.05442e-14,1.5356e-11,0.1299,8.36796e-07,1.50086e-42,0,0.118806,4.0691e-12,5.11981e-21,1.16184e-18,1.3809e-05,0.000644144,4.77221e-07,2.8632e-06,8.98793e-08,6.60877e-13,3.02954e-07,1.05238e-05,3.77594e-06,1.23728e-10,4.08999e-18,5.39338e-10,1.55562e-06,4.05883e-13,7.66125e-09,1.93188e-07
0.128781,383.92,382.019,0.0284109,3.33433,0,0.617769,0.0428344,0.000781075,0.0892311,1.30685e-17,0,3.33639e-14,1.21657e-11,0.1299,8.36798e-07,2.40609e-42,0,0.118806,3.19272e-12,1.4023e-21,9.28776e-19,1.38129e-05,0.000644145,4.80515e-07,2.8632e-06,8.13306e-08,5.84179e-13,3.02953e-07,1.05103e-05,3.79029e-06,1.23728e-10,4.0208e-18,5.40184e-10,1.5556e-06,3.48627e-13,7.66123e-09,1.93192e-07
0.129086,381.949,379.764,0.028265,3.23783,0,0.617769,0.0428344,0.000781075,0.0892311,1.19755e-17,0,3.04526e-14,1.09103e-11,0.1299,8.36799e-07,0,5.90356e-28,0.118806,2.85099e-12,0,8.36575e-19,1.38145e-05,0.000644145,4.81786e-07,2.8632e-06,7.8027e-08,5.5496e-13,3.02953e-07,1.0505e-05,3.79604e-06,1.23728e-10,3.99137e-18,5.4052e-10,1.55559e-06,3.27432e-13,7.66122e-09,1.93193e-07
0.129391,380.256,377.509,0.0281397,3.16343,0,0.617769,0.0428344,0.000781075,0.0892311,1.13666e-17,0,2.81472e-14,9.93307e-12,0.1299,8.36799e-07,0,3.5812e-27,0.118806,2.587e-12,1.00005e-21,7.6475e-19,1.38156e-05,0.000644145,4.82726e-07,2.8632e-06,7.55888e-08,5.33567e-13,3.02953e-07,1.0501e-05,3.80039e-06,1.23728e-10,3.96735e-18,5.40774e-10,1.55559e-06,3.12096e-13,7.66121e-09,1.93194e-07
0.129695,379.128,375.255,0.0280562,3.12067,0,0.617769,0.0428344,0.000781075,0.0892311,1.29217e-17,0,2.67053e-14,9.31907e-12,0.1299,8.368e-07,0,6.41289e-26,0.118806,2.42414e-12,0,7.20555e-19,1.38162e-05,0.000644145,4.83252e-07,2.8632e-06,7.42319e-08,5.21723e-13,3.02953e-07,1.04988e-05,3.80289e-06,1.23728e-10,3.95079e-18,5.40922e-10,1.55559e-06,3.09232e-13,7.66121e-09,1.93194e-07
0.13,379.128,373,0.0280562,3.12067,0,0.617769,0.0428344,0.000781075,0.0892311,1.29217e-17,0,2.67053e-14,9.31907e-12,0.1299,8.368e-07,0,0,0.118806,2.42414e-12,0,7.20555e-19,1.38162e-05,0.000644145,4.83252e-07,2.8632e-06,7.42319e-08,5.21723e-13,3.02953e-07,1.04988e-05,3.80289e-06,1.23728e-10,3.95079e-18,5.40922e-10,1.55559e-06,3.09232e-13,7.66121e-09,1.93194e-07
