x (m),Temperature (K),Tw(K),Velocity (m/s),Heat Release Rate (J/s/m3),X_H2,X_H,X_O,X_O2,X_OH,X_H2O,X_HO2,X_H2O2,X_OHV,X_N,X_NH,X_NH2,X_NH3,X_NNH,X_NO,X_NO2,X_N2O,X_HNO,X_N2H2,X_H2NN,X_N2H3,X_N2H4,X_H2NO,X_HNO2,X_HONO2,X_HNOH,X_HONO,X_HON,X_NO3,X_N2O4,X_N2O3,X_CO,X_CO2,X_CH4,X_C2H6,X_HE,X_AR,X_N2
0,300,300,0.1,8.59445e-06,7.07081e-13,0,0,0.164062,5.82666e-22,3.97519e-17,0,0,0,5.06997e-15,0,6.97337e-15,0.21875,2.54818e-31,1.85078e-16,2.38477e-18,0,0,0,1.6489e-16,8.62176e-24,4.60235e-15,0,3.97687e-15,2.11195e-20,0,1.14608e-18,0,1.0339e-25,0,0,1.32261e-20,0,0,0,1.94327e-20,2.57204e-41,0.617187
0.01,300,300,0.1,8.04978e-07,9.64706e-12,0,0,0.164062,1.81879e-20,1.85649e-15,0,0,0,1.48657e-16,8.95179e-19,2.13203e-13,0.21875,1.24499e-29,8.85317e-15,1.68628e-16,0,0,0,3.83879e-18,5.16771e-22,3.82254e-14,0,3.97687e-15,2.11195e-20,0,1.14607e-18,0,1.57515e-23,0,0,1.32261e-20,0,0,0,1.94327e-20,2.57204e-41,0.617187
0.02,300.001,300,0.1,6.16348e-05,1.3195e-10,0,0,0.164062,0,1.81617e-14,1.71622e-14,0,0,4.39305e-18,7.2753e-25,1.21776e-11,0.21875,1.89816e-27,2.32777e-14,0,0,0,0,0,0,0,9.79164e-17,3.97687e-15,2.11195e-20,0,1.14526e-18,0,6.62918e-23,0,0,1.32261e-20,0,0,0,1.94328e-20,2.57204e-41,0.617187
0.025,300.149,300,0.10005,0.00421484,7.74409e-10,1.48126e-23,0,0.164062,2.13389e-20,3.08537e-13,3.92776e-13,0,0,2.58322e-19,4.29408e-20,1.00912e-10,0.21875,1.9141e-25,2.81285e-13,0,0,3.21822e-21,1.82316e-14,0,8.42001e-21,0,2.03989e-15,3.97687e-15,2.11195e-20,0,1.14113e-18,0,5.17994e-22,0,0,1.32261e-20,0,0,0,1.94328e-20,2.57205e-41,0.617187
0.0275,307.056,310,0.102352,0.00705336,2.58637e-09,2.33617e-22,0,0.164062,2.59755e-19,2.86917e-12,3.77759e-12,0,0,2.44491e-20,6.4475e-20,1.45694e-10,0.21875,2.69976e-24,2.62972e-12,0,0,4.25724e-20,5.29776e-13,0,6.39574e-21,0,1.31716e-14,3.97687e-15,2.11195e-20,0,1.16546e-18,3.17463e-39,4.25192e-21,0,0,1.32261e-20,0,0,0,1.94328e-20,2.57206e-41,0.617187
0.03,316.327,320,0.105442,0.00712487,9.85946e-09,4.32256e-21,3.53819e-17,0.164062,3.54874e-18,3.30047e-11,4.54832e-11,2.1671e-14,1.61655e-46,1.81549e-21,8.60946e-20,1.68017e-10,0.21875,4.27065e-23,3.11997e-11,5.07831e-14,0,7.7147e-19,7.239e-12,0,0,0,9.09248e-14,3.97687e-15,2.11195e-20,0,1.68437e-18,2.33174e-36,5.50401e-20,0,0,1.32261e-20,0,0,0,1.94328e-20,2.57206e-41,0.617187
0.0325,332.443,338.75,0.110814,40.0933,3.80855e-08,1.70251e-19,9.55212e-16,0.164062,1.27717e-14,3.71201e-10,5.39826e-10,3.89129e-13,2.67627e-43,5.4267e-22,2.97347e-13,1.96851e-11,0.21875,8.63408e-22,3.64882e-10,9.54514e-13,4.7064e-15,1.60246e-16,8.82206e-11,0,1.18484e-15,0,2.52516e-13,3.97687e-15,2.11195e-20,1.20481e-18,1.09149e-17,7.43619e-34,6.3762e-19,0,0,1.32261e-20,0,0,0,1.94328e-20,2.57207e-41,0.617187
0.035,354.536,362.5,0.118179,17.3207,1.43426e-07,7.21122e-19,2.80593e-15,0.164062,2.41803e-14,1.02556e-09,1.14745e-09,1.62491e-12,5.70708e-42,2.08064e-21,5.92814e-13,6.44731e-11,0.21875,2.20737e-21,1.00442e-09,4.74489e-12,2.23065e-14,7.54358e-16,7.40399e-11,9.44307e-18,1.7186e-15,0,1.17651e-12,3.97688e-15,2.11195e-20,1.91697e-17,4.43956e-17,1.26454e-32,3.5601e-18,0,0,1.32261e-20,0,0,0,1.94328e-20,2.57213e-41,0.617187
0.0375,387.827,399.151,0.129276,2.53213,5.15119e-07,1.96955e-18,5.99672e-15,0.164062,3.21883e-14,1.95492e-09,1.70194e-09,3.36707e-12,6.60309e-41,1.10764e-20,8.42155e-13,3.79599e-10,0.21875,2.3574e-21,1.88646e-09,1.25562e-11,5.6387e-14,3.23851e-15,0,2.01759e-16,2.03431e-15,0,5.76957e-12,3.97691e-15,2.11195e-20,2.1117e-16,1.1068e-16,1.04082e-31,1.55738e-17,0,0,1.32261e-20,0,0,0,1.94328e-20,2.57272e-41,0.617187
0.04,430.378,443.488,0.14346,0.74461,1.75296e-06,4.7031e-18,1.09555e-14,0.164062,3.69281e-14,3.10037e-09,1.87084e-09,5.29043e-12,5.8229e-40,2.52417e-20,1.0362e-12,1.04868e-09,0.21875,0,2.83945e-09,2.20828e-11,1.04287e-13,1.263e-14,0,8.11055e-16,8.68013e-16,0,1.57626e-11,3.97703e-15,2.11195e-20,2.12712e-15,3.03033e-16,5.90337e-31,5.46222e-17,1.37105e-25,0,1.32261e-20,0,0,0,1.94327e-20,2.57851e-41,0.617186
0.0425,485.478,501.784,0.161827,0.095133,5.61311e-06,1.63878e-17,2.66739e-15,0.164062,5.84739e-15,4.48203e-09,1.86077e-09,1.52121e-11,1.00134e-39,3.07262e-21,1.63821e-13,1.16378e-09,0.218749,0,2.96777e-09,2.94752e-11,1.99627e-13,6.95776e-15,0,4.74869e-16,1.69495e-17,0,2.67607e-11,3.97847e-15,2.11194e-20,1.98685e-14,1.89875e-15,3.19409e-30,1.3572e-16,2.85316e-25,0,1.32261e-20,0,0,0,1.94324e-20,2.6315e-41,0.617184
0.04375,514.814,531.137,0.171606,0.0204036,1.05857e-05,7.05793e-17,1.97317e-16,0.164061,7.60823e-16,8.20082e-09,1.86655e-09,4.82773e-11,4.33275e-40,1.61588e-22,8.84059e-15,1.22044e-09,0.218747,0,2.9746e-09,3.30762e-11,5.75946e-13,1.27194e-15,0,3.73133e-16,5.67862e-19,0,3.95531e-11,3.98536e-15,2.11194e-20,8.20657e-14,9.33649e-15,1.57332e-29,1.85196e-16,2.11525e-25,0,1.3226e-20,0,0,0,1.9432e-20,2.81599e-41,0.617181
0.045,546.83,563.432,0.18228,0.0167717,2.04569e-05,3.41609e-16,8.04831e-18,0.164059,4.84743e-16,2.36996e-08,1.92129e-09,2.03541e-10,1.14435e-40,1.51055e-24,4.36289e-17,1.43698e-09,0.218745,5.8524e-21,3.01389e-09,3.85422e-11,2.73765e-12,1.30088e-15,0,3.9058e-16,3.28774e-18,1.10315e-11,8.51062e-11,4.02932e-15,2.11192e-20,3.79005e-13,5.65613e-14,8.44562e-29,2.35865e-16,1.7296e-25,2.04175e-28,1.32259e-20,0,0,0,1.94312e-20,3.70051e-41,0.617175
0.04625,583.728,601.589,0.194583,0.0272201,3.95645e-05,2.08025e-15,4.31829e-17,0.164056,6.50805e-16,8.55755e-08,2.18996e-09,9.05921e-10,4.99391e-39,2.36515e-25,1.09622e-17,2.16589e-09,0.21874,6.93225e-20,3.20804e-09,5.63509e-11,1.46778e-11,6.26612e-15,1.34644e-10,7.15478e-16,2.15857e-17,7.04322e-11,2.7702e-10,4.29689e-15,2.11188e-20,1.74258e-12,3.4339e-13,5.70159e-28,2.79972e-16,2.35862e-25,1.81949e-27,1.32256e-20,0,0,0,1.94298e-20,7.80568e-41,0.617164
0.0475,627.43,647.24,0.209158,0.0876624,7.55401e-05,1.74751e-14,4.88223e-16,0.16405,1.64913e-15,3.20769e-07,3.35952e-09,3.95098e-09,6.34542e-37,3.1661e-24,8.4663e-17,4.47148e-09,0.218731,5.13938e-19,4.05086e-09,1.41545e-10,7.76564e-11,4.89911e-14,2.48321e-09,2.47641e-15,1.759e-16,3.39805e-10,1.09169e-09,5.84501e-15,2.11182e-20,7.76564e-12,2.00051e-12,5.89155e-27,3.32336e-16,8.3308e-25,1.38569e-26,1.32252e-20,0,0,0,1.94272e-20,2.62242e-40,0.617142
0.04875,679.36,701.698,0.226483,0.487093,0.000141305,1.86089e-13,7.24111e-15,0.16404,9.3199e-15,1.16883e-06,8.11294e-09,1.65546e-08,1.33678e-34,8.03057e-23,9.57874e-16,1.15076e-08,0.218715,5.28967e-18,7.48525e-09,5.69728e-10,3.93433e-10,5.00385e-13,1.23875e-08,1.28858e-14,1.85472e-15,1.58577e-09,4.42776e-09,1.43301e-14,2.1117e-20,3.35612e-11,1.10604e-11,1.03784e-25,5.03205e-16,6.41161e-24,9.8928e-26,1.32243e-20,0,0,0,1.94227e-20,1.0608e-39,0.617103
0.05,738.938,763.371,0.246371,3.51785,0.000258136,2.12282e-12,1.16028e-13,0.164021,9.00527e-14,4.06894e-06,2.61135e-08,6.62594e-08,3.20392e-32,2.70783e-21,1.23897e-14,3.27351e-08,0.218683,6.90515e-17,2.07835e-08,2.63932e-09,1.89607e-09,5.57005e-12,5.21753e-08,8.18856e-14,2.19189e-14,7.12162e-09,1.74274e-08,5.83515e-14,2.11152e-20,1.44214e-10,5.76667e-11,2.71298e-24,1.27445e-15,6.49098e-23,6.68448e-25,1.32228e-20,0,0,0,1.94152e-20,4.41355e-39,0.617033
0.05125,804.497,830.184,0.268278,27.4187,0.000460301,2.28049e-11,1.72943e-12,0.163987,1.11354e-12,1.34966e-05,8.83197e-08,2.52394e-07,6.54734e-30,1.12757e-19,1.69621e-13,9.87481e-08,0.218625,9.04059e-16,6.99168e-08,1.20056e-08,8.68185e-09,6.1354e-11,2.04156e-07,6.12697e-13,2.60718e-13,3.03053e-08,6.51802e-08,2.74938e-13,2.11128e-20,6.46349e-10,2.79491e-10,7.68359e-23,5.77701e-15,6.72802e-22,4.28536e-24,1.32202e-20,0,0,0,1.9403e-20,1.80813e-38,0.616913
0.0525,874.06,900.663,0.291567,211.325,0.000802022,2.11905e-10,2.1712e-11,0.163927,1.49867e-11,4.27311e-05,2.7643e-07,9.06043e-07,9.49771e-28,5.83984e-18,2.46848e-12,3.20257e-07,0.218513,1.04936e-14,2.43223e-07,5.0556e-08,3.77368e-08,6.30527e-10,7.54544e-07,5.49769e-12,2.94496e-12,1.20692e-07,2.28454e-07,1.2888e-12,2.11122e-20,2.98437e-09,1.20383e-09,1.90932e-21,4.36222e-14,6.49009e-21,2.61429e-23,1.32157e-20,0,0,0,1.93836e-20,7.22383e-38,0.616712
0.053125,909.676,936.392,0.30352,666.729,0.00106336,6.76229e-10,7.96622e-11,0.163878,6.02529e-11,7.99726e-05,4.79386e-07,1.79386e-06,1.23311e-26,6.09318e-17,1.16728e-11,6.49803e-07,0.218414,3.79084e-14,4.88713e-07,1.0801e-07,8.67651e-08,2.24599e-09,1.54602e-06,2.05443e-11,1.05732e-11,2.55115e-07,4.45434e-07,3.16913e-12,2.11163e-20,6.78476e-09,2.47759e-09,1.07611e-20,1.5288e-13,2.25829e-20,7.77661e-23,1.32123e-20,0,0,0,1.93697e-20,1.58787e-37,0.616559
0.05375,945.529,972.064,0.315582,2200.01,0.00141113,2.12412e-09,2.84893e-10,0.163805,2.43809e-10,0.000153868,8.22532e-07,3.63989e-06,1.54017e-25,6.70179e-16,5.65027e-11,1.35385e-06,0.218258,1.41753e-13,1.01796e-06,2.37795e-07,2.10307e-07,8.04601e-09,3.28013e-06,8.07607e-11,3.85624e-11,5.5869e-07,8.88814e-07,8.31465e-12,2.1131e-20,1.55726e-08,5.14099e-09,6.20625e-20,5.61407e-13,8.52666e-20,2.53341e-22,1.32078e-20,0,0,0,1.93521e-20,3.6681e-37,0.61636
0.0540625,963.486,989.878,0.32164,4143.17,0.00162945,3.81424e-09,5.44227e-10,0.163754,4.95799e-10,0.000217831,1.06797e-06,5.25322e-06,5.59098e-25,2.37806e-15,1.28977e-10,1.99441e-06,0.218144,2.80113e-13,1.50367e-06,3.56583e-07,3.40456e-07,1.56393e-08,4.88428e-06,1.65792e-10,7.46616e-11,8.39038e-07,1.26847e-06,1.41887e-11,2.11478e-20,2.37158e-08,7.39583e-09,1.54894e-19,1.10202e-12,1.70539e-19,4.97904e-22,1.32049e-20,0,0,0,1.93414e-20,5.7889e-37,0.616237
0.054375,981.402,1007.47,0.327698,7936.64,0.00188315,6.8494e-09,1.03683e-09,0.163688,1.00896e-09,0.000312036,1.38202e-06,7.65035e-06,2.0344e-24,8.4961e-15,2.9453e-10,2.9501e-06,0.217994,5.62516e-13,2.25116e-06,5.40811e-07,5.64673e-07,3.05352e-08,7.37195e-06,3.43532e-10,1.4573e-10,1.27496e-06,1.82301e-06,2.49706e-11,2.11777e-20,3.62177e-08,1.07227e-08,3.92348e-19,2.18923e-12,3.50728e-19,1.02791e-21,1.32015e-20,0,0,0,1.93294e-20,9.32865e-37,0.616097
0.0546875,999.244,1024.89,0.333746,15296,0.00217746,1.224e-08,1.96022e-09,0.163602,2.03849e-09,0.000449771,1.77713e-06,1.11417e-05,7.35693e-24,3.01123e-14,6.65778e-10,4.3546e-06,0.217793,1.13388e-12,3.38558e-06,8.19035e-07,9.46092e-07,5.92631e-08,1.11647e-05,7.08348e-10,2.84073e-10,1.93394e-06,2.61493e-06,4.45547e-11,2.12292e-20,5.49627e-08,1.55156e-08,9.95096e-19,4.32114e-12,7.22861e-19,2.16554e-21,1.31976e-20,0,0,0,1.93159e-20,1.51907e-36,0.61594
0.055,1017,1042.31,0.339786,29406.6,0.0025183,2.1667e-08,3.66004e-09,0.163486,4.06377e-09,0.00064952,2.26956e-06,1.61072e-05,2.62304e-23,1.04343e-13,1.47558e-09,6.38387e-06,0.217525,2.27488e-12,5.07935e-06,1.22657e-06,1.58528e-06,1.13259e-07,1.68295e-05,1.43758e-09,5.49431e-10,2.89782e-06,3.71772e-06,7.9678e-11,2.13147e-20,8.2333e-08,2.22256e-08,2.49818e-18,8.37855e-12,1.46383e-18,4.57905e-21,1.3193e-20,0,0,0,1.93007e-20,2.48168e-36,0.615765
0.0553125,1034.63,1059.46,0.345803,56022.2,0.0029123,3.7861e-08,6.72281e-09,0.163331,7.95258e-09,0.000936536,2.88175e-06,2.29753e-05,9.16112e-23,3.49412e-13,3.18188e-09,9.25971e-06,0.217164,4.51488e-12,7.56029e-06,1.8036e-06,2.63776e-06,2.114e-07,2.50818e-05,2.84766e-09,1.0492e-09,4.25435e-06,5.21199e-06,1.41671e-10,2.14526e-20,1.21133e-07,3.13203e-08,6.15347e-18,1.58433e-11,2.87154e-18,9.62266e-21,1.31877e-20,0,0,0,1.92837e-20,4.04785e-36,0.615574
0.055625,1052.09,1076.13,0.35179,105137,0.0033668,6.51064e-08,1.21054e-08,0.16312,1.52124e-08,0.00134457,3.64327e-06,3.21715e-05,3.11554e-22,1.11983e-12,6.63417e-09,1.32476e-05,0.21668,8.81469e-12,1.11138e-05,2.59075e-06,4.33541e-06,3.82638e-07,3.67493e-05,5.47038e-09,1.96971e-09,6.08011e-06,7.17758e-06,2.48848e-10,2.16685e-20,1.74423e-07,4.3209e-08,1.47606e-17,2.90642e-11,5.40065e-18,1.99504e-20,1.31814e-20,0,0,0,1.92648e-20,6.57002e-36,0.615371
0.0559375,1069.43,1092.8,0.35777,193125,0.00388972,1.09778e-07,2.12868e-08,0.162833,2.83429e-08,0.00191749,4.58827e-06,4.40202e-05,1.02494e-21,3.39923e-12,1.32975e-08,1.86437e-05,0.216033,1.68225e-11,1.6073e-05,3.62176e-06,7.0088e-06,6.6708e-07,5.26692e-05,1.0136e-08,3.61819e-09,8.415e-06,9.68002e-06,4.29142e-10,2.19955e-20,2.45256e-07,5.81163e-08,3.42151e-17,5.14361e-11,9.66005e-18,4.05184e-20,1.3174e-20,0,0,0,1.92438e-20,1.05856e-35,0.615161
0.0560937,1078.07,1101.14,0.360763,259706,0.00418119,1.41698e-07,2.80184e-08,0.162651,3.83307e-08,0.00228816,5.14413e-06,5.10022e-05,1.84285e-21,5.82673e-12,1.85881e-08,2.19923e-05,0.215628,2.30406e-11,1.92259e-05,4.23752e-06,8.88742e-06,8.69332e-07,6.25144e-05,1.36219e-08,4.86235e-09,9.7706e-06,1.11513e-05,5.62008e-10,2.22166e-20,2.88215e-07,6.6724e-08,5.15433e-17,6.75419e-11,1.26691e-17,5.79698e-20,1.31698e-20,0,0,0,1.92323e-20,1.34721e-35,0.615056
0.05625,1086.68,1109.31,0.363756,347808,0.00449386,1.82082e-07,3.66717e-08,0.162436,5.15201e-08,0.00272961,5.76513e-06,5.87526e-05,3.29368e-21,9.85871e-12,2.57417e-08,2.58424e-05,0.215157,3.1406e-11,2.29338e-05,4.93107e-06,1.12697e-05,1.12363e-06,7.38429e-05,1.81624e-08,6.50273e-09,1.12585e-05,1.27868e-05,7.35903e-10,2.24909e-20,3.36959e-07,7.62037e-08,7.71216e-17,8.81542e-11,1.64515e-17,8.34317e-20,1.31653e-20,0,0,0,1.92203e-20,1.71785e-35,0.614955
0.0564062,1095.25,1117.12,0.366749,463049,0.00482886,2.32803e-07,4.77023e-08,0.162183,6.87696e-08,0.00325307,6.45503e-06,6.72289e-05,5.84434e-21,1.64499e-11,3.52922e-08,3.02342e-05,0.214609,4.25334e-11,2.72583e-05,5.70295e-06,1.42692e-05,1.43851e-06,8.67243e-05,2.40006e-08,8.64194e-09,1.28641e-05,1.45853e-05,9.60905e-10,2.28288e-20,3.9172e-07,8.65076e-08,1.14457e-16,1.1412e-10,2.11216e-17,1.2017e-19,1.31603e-20,0,0,0,1.92076e-20,2.19291e-35,0.614859
0.0565625,1103.81,1124.93,0.369752,612078,0.00518724,2.95938e-07,6.16289e-08,0.161885,9.11032e-08,0.0038709,7.2167e-06,7.63409e-05,1.02822e-20,2.70301e-11,4.78716e-08,3.52044e-05,0.213973,5.71518e-11,3.22589e-05,6.55128e-06,1.80175e-05,1.8228e-06,0.000101194,3.14084e-08,1.13988e-08,1.45659e-05,1.65396e-05,1.24834e-09,2.32415e-20,4.52657e-07,9.75219e-08,1.68235e-16,1.46333e-10,2.67753e-17,1.72543e-19,1.31549e-20,0,0,0,1.91942e-20,2.79837e-35,0.614773
0.0567187,1112.38,1132.75,0.37277,802446,0.00556998,3.73775e-07,7.90344e-08,0.161535,1.19708e-07,0.0045965,8.05165e-06,8.59429e-05,1.79145e-20,4.36876e-11,6.42107e-08,4.07836e-05,0.21324,7.60985e-11,3.79899e-05,7.47147e-06,2.26644e-05,2.28503e-06,0.000117244,4.06783e-08,1.49055e-08,1.63356e-05,1.86362e-05,1.61036e-09,2.37413e-20,5.19799e-07,1.09066e-07,2.4458e-16,1.8566e-10,3.34773e-17,2.46239e-19,1.31491e-20,0,0,0,1.91802e-20,3.56821e-35,0.614699
0.056875,1120.97,1140.56,0.375811,1.04243e+06,0.0059779,4.68766e-07,1.00559e-07,0.161128,1.5592e-07,0.00544426,8.95959e-06,9.5831e-05,3.08755e-20,6.93825e-11,8.51286e-08,4.69929e-05,0.212397,1.00302e-10,4.44979e-05,8.45611e-06,2.83779e-05,2.83299e-06,0.000134821,5.2111e-08,1.93023e-08,1.8139e-05,2.08544e-05,2.05927e-09,2.4341e-20,5.93023e-07,1.20894e-07,3.5129e-16,2.32867e-10,4.12482e-17,3.48509e-19,1.31427e-20,0,0,0,1.91655e-20,4.54075e-35,0.614641
0.0570312,1129.59,1148.37,0.378879,1.34072e+06,0.00641166,5.8347e-07,1.2689e-07,0.160655,2.01197e-07,0.00642933,9.93802e-06,0.000105746,5.25843e-20,1.08181e-10,1.11512e-07,5.38412e-05,0.211432,1.30749e-10,5.18187e-05,9.49499e-06,3.53423e-05,3.47314e-06,0.000153821,6.59974e-08,2.47309e-08,1.99373e-05,2.31666e-05,2.60647e-09,2.50535e-20,6.7203e-07,1.32712e-07,4.98021e-16,2.88523e-10,5.00524e-17,4.88367e-19,1.31358e-20,0,0,0,1.91501e-20,5.7661e-35,0.614603
0.0571875,1138.24,1156.18,0.381973,1.70605e+06,0.00687169,7.20475e-07,1.58741e-07,0.160108,2.57065e-07,0.00756748,1.0982e-05,0.000115381,8.84084e-20,1.65493e-10,1.44282e-07,6.13224e-05,0.210333,1.6844e-10,5.99748e-05,1.05753e-05,4.37563e-05,4.21018e-06,0.000174094,8.25988e-08,3.13244e-08,2.16891e-05,2.55389e-05,3.2612e-09,2.58915e-20,7.56322e-07,1.44187e-07,6.9639e-16,3.5292e-10,5.97909e-17,6.7671e-19,1.31284e-20,0,0,0,1.9134e-20,7.29891e-35,0.61459
0.0573437,1146.9,1163.39,0.385091,2.14684e+06,0.00735815,8.82338e-07,1.9684e-07,0.15948,3.25043e-07,0.00887482,1.20843e-05,0.0001244,1.46584e-19,2.48295e-10,1.84364e-07,6.9415e-05,0.209086,2.14337e-10,6.89739e-05,1.16819e-05,5.38295e-05,5.04677e-06,0.000195443,1.02126e-07,3.91973e-08,2.33524e-05,2.79322e-05,4.02899e-09,2.68668e-20,8.45192e-07,1.54974e-07,9.60001e-16,4.25994e-10,7.03014e-17,9.26329e-19,1.31203e-20,0,0,0,1.91172e-20,9.21176e-35,0.614606
0.0575,1155.6,1170.54,0.388243,2.67055e+06,0.00787085,1.07156e-06,2.41949e-07,0.158762,4.06724e-07,0.0103676,1.32359e-05,0.000132454,2.39619e-19,3.6536e-10,2.32686e-07,7.809e-05,0.20768,2.69327e-10,7.8808e-05,1.27984e-05,6.5777e-05,5.98388e-06,0.000217639,1.24732e-07,4.8444e-08,2.48861e-05,3.03038e-05,4.91008e-09,2.79896e-20,9.37896e-07,1.64709e-07,1.30426e-15,5.07305e-10,8.13478e-17,1.25174e-18,1.31116e-20,0,0,0,1.90998e-20,1.15807e-34,0.614656
0.0576562,1164.37,1177.69,0.391437,3.28332e+06,0.00840926,1.29051e-06,2.94837e-07,0.157947,5.03678e-07,0.0120618,1.44264e-05,0.000139211,3.86132e-19,5.27366e-10,2.90134e-07,8.73075e-05,0.206103,3.34169e-10,8.94528e-05,1.39075e-05,7.98139e-05,7.02046e-06,0.000240427,1.5049e-07,5.91291e-08,2.62533e-05,3.261e-05,5.89785e-09,2.92677e-20,1.0336e-06,1.73051e-07,1.74612e-15,5.96011e-10,9.2641e-17,1.66878e-18,1.31022e-20,0,0,0,1.90816e-20,1.45116e-34,0.614745
0.0577344,1168.78,1181.27,0.393053,3.62246e+06,0.00868828,1.41204e-06,3.24487e-07,0.157499,5.58402e-07,0.0129921,1.50329e-05,0.000142003,4.87723e-19,6.29314e-10,3.2258e-07,9.21081e-05,0.205245,3.70497e-10,9.50743e-05,1.44539e-05,8.77091e-05,7.57557e-06,0.000251963,1.64555e-07,6.50241e-08,2.68646e-05,3.37249e-05,6.42727e-09,2.99682e-20,1.08227e-06,1.76612e-07,2.00972e-15,6.42726e-10,9.82805e-17,1.91832e-18,1.30972e-20,0,0,0,1.90723e-20,1.62306e-34,0.614805
0.0578125,1173.21,1184.85,0.394681,3.98797e+06,0.00897349,1.54193e-06,3.56401e-07,0.157022,6.17519e-07,0.013982,1.56451e-05,0.000144347,6.14092e-19,7.47615e-10,3.57646e-07,9.70277e-05,0.204337,4.09523e-10,0.000100896,1.49919e-05,9.62597e-05,8.15536e-06,0.000263552,1.79407e-07,7.12901e-08,2.74202e-05,3.48063e-05,6.97932e-09,3.07137e-20,1.13132e-06,1.79708e-07,2.30515e-15,6.90868e-10,1.03856e-16,2.20092e-18,1.30921e-20,0,0,0,1.90628e-20,1.81455e-34,0.614878
0.0578906,1177.67,1188.43,0.396323,4.37792e+06,0.00926468,1.68046e-06,3.90681e-07,0.156515,6.812e-07,0.0150336,1.62613e-05,0.000146216,7.70743e-19,8.8424e-10,3.95419e-07,0.000102057,0.203377,4.51286e-10,0.000106913,1.55193e-05,0.000105501,8.75907e-06,0.000275157,1.95023e-07,7.79237e-08,2.7917e-05,3.58492e-05,7.55099e-09,3.15052e-20,1.18059e-06,1.82317e-07,2.63497e-15,7.40196e-10,1.09324e-16,2.51983e-18,1.30867e-20,0,0,0,1.90531e-20,2.02737e-34,0.614964
0.0579687,1182.14,1192,0.397979,4.79246e+06,0.00956166,1.8279e-06,4.27424e-07,0.155977,7.49603e-07,0.0161494,1.68796e-05,0.00014759,9.64248e-19,1.0413e-09,4.35979e-07,0.000107188,0.202365,4.95809e-10,0.000113117,1.60339e-05,0.000115468,9.38596e-06,0.000286743,2.11377e-07,8.49192e-08,2.83526e-05,3.68487e-05,8.13874e-09,3.23437e-20,1.22994e-06,1.84425e-07,3.00179e-15,7.90459e-10,1.14641e-16,2.87847e-18,1.30812e-20,0,0,0,1.90432e-20,2.26346e-34,0.615065
0.0580469,1186.64,1195.58,0.399647,5.23159e+06,0.00986418,1.98447e-06,4.66729e-07,0.155405,8.22877e-07,0.0173314,1.74983e-05,0.000148456,1.20242e-18,1.22106e-09,4.79402e-07,0.000112411,0.201299,5.43102e-10,0.000119503,1.65336e-05,0.000126196,1.00352e-05,0.000298275,2.28437e-07,9.22687e-08,2.87253e-05,3.78002e-05,8.73853e-09,3.32298e-20,1.27921e-06,1.86021e-07,3.40827e-15,8.41394e-10,1.19764e-16,3.28042e-18,1.30755e-20,0,0,0,1.90331e-20,2.52688e-34,0.61518
0.058125,1191.15,1199.16,0.401327,5.69521e+06,0.010172,2.15043e-06,5.08691e-07,0.1548,9.0116e-07,0.0185819,1.81157e-05,0.00014881,1.49449e-18,1.42591e-09,5.25754e-07,0.000117715,0.200176,5.93158e-10,0.000126063,1.70166e-05,0.000137721,1.07061e-05,0.000309718,2.46167e-07,9.99616e-08,2.90337e-05,3.86997e-05,9.34586e-09,3.41641e-20,1.32824e-06,1.87102e-07,3.85712e-15,8.92728e-10,1.24653e-16,3.72944e-18,1.30696e-20,0,0,0,1.90229e-20,2.81986e-34,0.61531
0.0582031,1195.67,1202.72,0.403019,6.18314e+06,0.0104847,2.32601e-06,5.53403e-07,0.154159,9.84577e-07,0.0199032,1.873e-05,0.000148653,1.85133e-18,1.65843e-09,5.75094e-07,0.000123091,0.198997,6.45955e-10,0.000132792,1.74808e-05,0.000150079,1.13978e-05,0.00032104,2.64525e-07,1.07985e-07,2.92774e-05,3.95437e-05,9.95585e-09,3.51472e-20,1.37687e-06,1.87669e-07,4.35113e-15,9.44174e-10,1.29269e-16,4.22947e-18,1.30635e-20,0,0,0,1.90125e-20,3.14508e-34,0.615457
0.0582812,1200.21,1205.91,0.404721,6.69516e+06,0.0108021,2.51145e-06,6.00962e-07,0.153482,1.07325e-06,0.0212973,1.93397e-05,0.000147994,2.28567e-18,1.9214e-09,6.27485e-07,0.00012853,0.197759,7.01466e-10,0.000139682,1.79246e-05,0.000163305,1.21096e-05,0.000332212,2.83468e-07,1.16326e-07,2.94563e-05,4.0329e-05,1.05633e-08,3.61793e-20,1.42493e-06,1.87731e-07,4.8932e-15,9.95446e-10,1.33578e-16,4.78464e-18,1.30572e-20,0,0,0,1.90019e-20,3.50544e-34,0.615621
0.0583594,1204.76,1209.11,0.406434,7.23094e+06,0.0111238,2.70704e-06,6.51481e-07,0.152768,1.16736e-06,0.0227666,1.99433e-05,0.000146847,2.81268e-18,2.21779e-09,6.82996e-07,0.000134024,0.196461,7.59659e-10,0.000146728,1.83463e-05,0.000177435,1.28408e-05,0.000343206,3.0295e-07,1.24972e-07,2.95707e-05,4.1053e-05,1.11627e-08,3.72608e-20,1.47227e-06,1.87299e-07,5.48629e-15,1.04626e-09,1.37545e-16,5.39926e-18,1.30507e-20,0,0,0,1.89912e-20,3.90592e-34,0.615803
0.0584375,1209.32,1212.3,0.408158,7.7902e+06,0.0114494,2.91309e-06,7.05083e-07,0.152015,1.26709e-06,0.0243131,2.05395e-05,0.000145233,3.45021e-18,2.55088e-09,7.41709e-07,0.000139567,0.195101,8.20504e-10,0.000153926,1.87444e-05,0.000192506,1.3591e-05,0.000353996,3.22929e-07,1.3391e-07,2.96214e-05,4.17136e-05,1.17485e-08,3.83918e-20,1.51878e-06,1.86383e-07,6.13351e-15,1.09633e-09,1.4114e-16,6.07788e-18,1.30441e-20,0,0,0,1.89803e-20,4.35032e-34,0.616004
0.0585156,1213.9,1215.5,0.409895,8.37268e+06,0.0117786,3.12995e-06,7.61902e-07,0.151221,1.37267e-06,0.0259391,2.11272e-05,0.000143177,4.21925e-18,2.92427e-09,8.03715e-07,0.000145153,0.193679,8.8397e-10,0.000161271,1.91177e-05,0.000208554,1.436e-05,0.000364563,3.4336e-07,1.4313e-07,2.96094e-05,4.23091e-05,1.2315e-08,3.95724e-20,1.56432e-06,1.85001e-07,6.83819e-15,1.14537e-09,1.44336e-16,6.82526e-18,1.30372e-20,0,0,0,1.89693e-20,4.84227e-34,0.616224
0.0585938,1218.5,1218.69,0.411646,8.97819e+06,0.0121108,3.35803e-06,8.2209e-07,0.150387,1.48435e-06,0.0276466,2.17054e-05,0.000140709,5.14445e-18,3.34199e-09,8.69123e-07,0.000150778,0.192193,9.50029e-10,0.00016876,1.94648e-05,0.000225617,1.51477e-05,0.000374885,3.64201e-07,1.52619e-07,2.95362e-05,4.28382e-05,1.28563e-08,4.08027e-20,1.60876e-06,1.83176e-07,7.60393e-15,1.19312e-09,1.4711e-16,7.64647e-18,1.30301e-20,0,0,0,1.89581e-20,5.38619e-34,0.616465
0.05875,1227.74,1225.08,0.415186,1.02659e+07,0.0127818,3.84865e-06,9.52953e-07,0.148592,1.72667e-06,0.0313059,2.28281e-05,0.000134649,7.57898e-18,4.32575e-09,1.01033e-06,0.000162111,0.18903,1.08963e-09,0.00018414,2.00761e-05,0.000262833,1.67761e-05,0.00039471,4.06886e-07,1.72344e-07,2.92121e-05,4.36932e-05,1.38455e-08,4.34077e-20,1.69381e-06,1.78284e-07,9.33028e-15,1.28368e-09,1.51317e-16,9.52304e-18,1.30154e-20,0,0,0,1.89355e-20,6.64754e-34,0.617009
0.0589062,1237.07,1231.47,0.418779,1.16356e+07,0.0134593,4.38943e-06,1.09912e-06,0.14663,1.99693e-06,0.0352966,2.39039e-05,0.000127453,1.10355e-17,5.54273e-09,1.16647e-06,0.00017356,0.185611,1.23943e-09,0.000200048,2.05774e-05,0.000304156,1.84772e-05,0.00041344,4.50766e-07,1.93058e-07,2.86826e-05,4.42914e-05,1.46845e-08,4.61882e-20,1.77337e-06,1.72042e-07,1.13464e-14,1.36652e-09,1.53761e-16,1.17153e-17,1.3e-20,0,0,0,1.89124e-20,8.1762e-34,0.617637
0.0590625,1246.45,1237.86,0.422421,1.30962e+07,0.0141391,4.98498e-06,1.26206e-06,0.144492,2.29822e-06,0.0396313,2.49274e-05,0.000119438,1.58919e-17,7.04147e-09,1.33869e-06,0.000185104,0.18193,1.39937e-09,0.000216488,2.0964e-05,0.000349758,2.02517e-05,0.000431007,4.95565e-07,2.14705e-07,2.79717e-05,4.46373e-05,1.53447e-08,4.91361e-20,1.84654e-06,1.64708e-07,1.36906e-14,1.43989e-09,1.54425e-16,1.42486e-17,1.29839e-20,0,0,0,1.88891e-20,1.0013e-33,0.618355
0.0592188,1255.88,1244.15,0.426107,1.46487e+07,0.0148167,5.64064e-06,1.44338e-06,0.142171,2.63415e-06,0.0443217,2.58927e-05,0.000110916,2.26444e-17,8.88138e-09,1.52825e-06,0.00019672,0.177982,1.56944e-09,0.000233471,2.12333e-05,0.000399787,2.20994e-05,0.00044736,5.41006e-07,2.3723e-07,2.7107e-05,4.47389e-05,1.58061e-08,5.22417e-20,1.91238e-06,1.56554e-07,1.64078e-14,1.50222e-09,1.53359e-16,1.71446e-17,1.2967e-20,0,0,0,1.88655e-20,1.22169e-33,0.619166
0.059375,1265.32,1249.7,0.429825,1.62951e+07,0.0154875,6.36278e-06,1.64484e-06,0.13966,3.009e-06,0.0493788,2.67945e-05,0.000102169,3.19373e-17,1.11365e-08,1.73665e-06,0.000208388,0.173761,1.74967e-09,0.000251015,2.13843e-05,0.000454361,2.40198e-05,0.000462462,5.86845e-07,2.60579e-07,2.61166e-05,4.46063e-05,1.6058e-08,5.54937e-20,1.96997e-06,1.47839e-07,1.95516e-14,1.55209e-09,1.5066e-16,2.04198e-17,1.29495e-20,0,0,0,1.88417e-20,1.48368e-33,0.620076
0.0595312,1274.8,1255.25,0.433584,1.8039e+07,0.0161466,7.1595e-06,1.86878e-06,0.136953,3.42886e-06,0.0548125,2.76285e-05,9.34139e-05,4.46358e-17,1.39019e-08,1.966e-06,0.000220114,0.169264,1.94042e-09,0.00026915,2.14167e-05,0.000513559,2.60147e-05,0.000476293,6.32897e-07,2.8475e-07,2.50238e-05,4.42494e-05,1.60986e-08,5.88792e-20,2.0187e-06,1.38757e-07,2.31857e-14,1.58846e-09,1.46435e-16,2.40843e-17,1.29314e-20,0,0,0,1.88178e-20,1.79465e-33,0.621089
0.0596875,1284.33,1260.8,0.437389,1.98848e+07,0.0167886,8.04027e-06,2.11786e-06,0.134044,3.90095e-06,0.0606315,2.83898e-05,8.48194e-05,6.18762e-17,1.72982e-08,2.2188e-06,0.000231903,0.164489,2.14213e-09,0.00028791,2.13309e-05,0.000577412,2.80851e-05,0.000488826,6.78973e-07,3.09735e-07,2.38494e-05,4.36773e-05,1.59339e-08,6.23835e-20,2.05789e-06,1.29486e-07,2.73865e-14,1.61044e-09,1.40821e-16,2.81393e-17,1.29126e-20,0,0,0,1.87939e-20,2.15999e-33,0.622211
0.0598438,1293.92,1266.35,0.441241,2.18365e+07,0.0174082,9.01577e-06,2.39497e-06,0.130928,4.43355e-06,0.0668425,2.90718e-05,7.65119e-05,8.5137e-17,2.14767e-08,2.49771e-06,0.000243744,0.159434,2.35513e-09,0.000307326,2.11277e-05,0.000645886,3.02288e-05,0.000500016,7.24827e-07,3.35494e-07,2.26124e-05,4.28979e-05,1.55774e-08,6.599e-20,2.08679e-06,1.20181e-07,3.22427e-14,1.61732e-09,1.33975e-16,3.2575e-17,1.28934e-20,0,0,0,1.87701e-20,2.58892e-33,0.623446
0.06,1303.56,1271.9,0.445138,2.38956e+07,0.0179996,1.00977e-05,2.70313e-06,0.127601,5.03598e-06,0.0734501,2.96657e-05,6.85842e-05,1.16316e-16,2.66265e-08,2.80553e-06,0.000255606,0.154101,2.57949e-09,0.000327419,2.0808e-05,0.00071887,3.24388e-05,0.000509787,7.70114e-07,3.61929e-07,2.13304e-05,4.19177e-05,1.50478e-08,6.96803e-20,2.10452e-06,1.10979e-07,3.78565e-14,1.60853e-09,1.26071e-16,3.73679e-17,1.28736e-20,0,0,0,1.87464e-20,3.08696e-33,0.624798
0.0601562,1313.23,1277.45,0.449073,2.60605e+07,0.018557,1.12989e-05,3.04541e-06,0.124059,5.71863e-06,0.0804565,3.01605e-05,6.11021e-05,1.57808e-16,3.29829e-08,3.14502e-06,0.000267434,0.148493,2.81486e-09,0.000348191,2.03729e-05,0.000796162,3.47022e-05,0.000518027,8.14372e-07,3.88856e-07,2.00202e-05,4.07424e-05,1.43679e-08,7.34339e-20,2.11012e-06,1.01999e-07,4.43437e-14,1.58371e-09,1.17296e-16,4.24785e-17,1.28534e-20,0,0,0,1.8723e-20,3.66594e-33,0.62627
0.0603125,1322.91,1282.36,0.453032,2.83266e+07,0.0190743,1.26333e-05,3.42488e-06,0.120302,6.49297e-06,0.0878614,3.05434e-05,5.41088e-05,2.12561e-16,4.08403e-08,3.51892e-06,0.000279149,0.142615,3.06042e-09,0.000369633,1.98242e-05,0.000877449,3.69997e-05,0.000524598,8.57034e-07,4.15995e-07,1.86976e-05,3.93776e-05,1.35626e-08,7.72287e-20,2.10256e-06,9.33471e-08,5.18366e-14,1.54279e-09,1.07853e-16,4.785e-17,1.28328e-20,0,0,0,1.86999e-20,4.33125e-33,0.627867
0.0604688,1332.58,1287.02,0.457014,3.06874e+07,0.0195451,1.41176e-05,3.84524e-06,0.116328,7.37353e-06,0.0956613,3.08024e-05,4.76175e-05,2.84341e-16,5.05762e-08,3.93057e-06,0.000290678,0.136474,3.31523e-09,0.000391723,1.91645e-05,0.000962292,3.93097e-05,0.000529343,8.97478e-07,4.43037e-07,1.73741e-05,3.7829e-05,1.26573e-08,8.10408e-20,2.08108e-06,8.50921e-08,6.04875e-14,1.48621e-09,9.79336e-17,5.34083e-17,1.2812e-20,0,0,0,1.86773e-20,5.09983e-33,0.629592
0.060625,1342.26,1291.69,0.46102,3.31352e+07,0.0199633,1.57715e-05,4.31072e-06,0.11214,8.37806e-06,0.103849,3.09253e-05,4.16252e-05,3.77905e-16,6.26773e-08,4.38385e-06,0.000301944,0.130082,3.5781e-09,0.000414434,1.83979e-05,0.00105011,4.1607e-05,0.000532096,9.35011e-07,4.69615e-07,1.60584e-05,3.61036e-05,1.1677e-08,8.48445e-20,2.04507e-06,7.72891e-08,7.04745e-14,1.41482e-09,8.77364e-17,5.90621e-17,1.27909e-20,0,0,0,1.86552e-20,5.97774e-33,0.631446
0.0607812,1351.94,1296.35,0.465047,3.5659e+07,0.0203221,1.7618e-05,4.82593e-06,0.10774,9.52773e-06,0.112416,3.08996e-05,3.61238e-05,4.99144e-16,7.77724e-08,4.88298e-06,0.000312851,0.12345,3.84738e-09,0.000437727,1.75297e-05,0.00114018,4.38601e-05,0.000532669,9.6885e-07,4.9526e-07,1.4759e-05,3.42105e-05,1.06456e-08,8.86131e-20,1.99408e-06,6.99911e-08,8.20058e-14,1.32995e-09,7.74657e-17,6.47046e-17,1.27698e-20,0,0,0,1.86338e-20,6.99174e-33,0.63343
0.0609375,1361.62,1301.01,0.469091,3.8245e+07,0.0206153,1.96843e-05,5.39582e-06,0.103133,1.08481e-05,0.121347,3.0713e-05,3.11039e-05,6.55257e-16,9.66803e-08,5.43246e-06,0.000323286,0.116596,4.12087e-09,0.00046155,1.6567e-05,0.00123159,4.60301e-05,0.000530858,9.9812e-07,5.1939e-07,1.34849e-05,3.21618e-05,9.58605e-09,9.23193e-20,1.9278e-06,6.32477e-08,9.53264e-14,1.23335e-09,6.73258e-17,7.02168e-17,1.27487e-20,0,0,0,1.86131e-20,8.15031e-33,0.635547
0.0610938,1371.27,1305.68,0.473139,4.08764e+07,0.0208362,2.20031e-05,6.02582e-06,0.0983253,1.23704e-05,0.130625,3.0354e-05,2.65546e-05,8.5492e-16,1.20481e-07,6.03723e-06,0.000333112,0.109537,4.39579e-09,0.000485841,1.55185e-05,0.00132327,4.80706e-05,0.000526445,1.02188e-06,5.41301e-07,1.22449e-05,2.99728e-05,8.52001e-09,9.59357e-20,1.84619e-06,5.71054e-08,1.1073e-13,1.12722e-09,5.75143e-17,7.54721e-17,1.27277e-20,0,0,0,1.85933e-20,9.49893e-33,0.637795
0.06125,1380.85,1310.05,0.477177,4.35356e+07,0.0209786,2.46153e-05,6.72216e-06,0.0933245,1.41338e-05,0.14023,2.9813e-05,2.24625e-05,1.10844e-15,1.50625e-07,6.70291e-06,0.000342179,0.102296,4.66884e-09,0.000510539,1.43953e-05,0.00141398,4.99288e-05,0.000519207,1.03914e-06,5.60178e-07,1.10475e-05,2.76626e-05,7.46751e-09,9.94358e-20,1.74954e-06,5.16093e-08,1.2858e-13,1.01415e-09,4.82141e-17,8.03432e-17,1.27069e-20,0,0,0,1.85745e-20,1.10526e-32,0.640174
0.0614062,1390.34,1313.82,0.481195,4.62086e+07,0.021036,2.75748e-05,7.49293e-06,0.0881398,1.61907e-05,0.150137,2.90834e-05,1.88083e-05,1.42843e-15,1.89124e-07,7.43694e-06,0.000350343,0.0948973,4.93676e-09,0.00053561,1.32102e-05,0.0015023,5.15491e-05,0.000508927,1.04898e-06,5.75158e-07,9.89957e-06,2.52537e-05,6.44665e-09,1.02794e-19,1.63859e-06,4.67981e-08,1.49352e-13,8.97004e-10,3.95824e-17,8.47108e-17,1.26864e-20,0,0,0,1.85568e-20,1.28804e-32,0.642683
0.0615625,1399.77,1317.59,0.485197,4.88905e+07,0.0210024,3.09566e-05,8.3499e-06,0.0827819,1.86151e-05,0.160319,2.81623e-05,1.55654e-05,1.83147e-15,2.38852e-07,8.25015e-06,0.000357492,0.0873679,5.19688e-09,0.000561074,1.19776e-05,0.00158661,5.28768e-05,0.000495398,1.0505e-06,5.85395e-07,8.80428e-06,2.27715e-05,5.4733e-09,1.05988e-19,1.51465e-06,4.27009e-08,1.73691e-13,7.78819e-10,3.17422e-17,8.84722e-17,1.26664e-20,0,0,0,1.85402e-20,1.49974e-32,0.645318
0.0617188,1409.16,1321.35,0.489188,5.1588e+07,0.020872,3.4865e-05,9.30918e-06,0.0772628,2.15104e-05,0.170744,2.70499e-05,1.27079e-05,2.33916e-15,3.04018e-07,9.15728e-06,0.000363514,0.0797387,5.44689e-09,0.00058702,1.07136e-05,0.00166511,5.38542e-05,0.000478421,1.04285e-06,5.89995e-07,7.76429e-06,2.02449e-05,4.56145e-09,1.08996e-19,1.3794e-06,3.93557e-08,2.02514e-13,6.62591e-10,2.47866e-17,9.15484e-17,1.2647e-20,0,0,0,1.85249e-20,1.74792e-32,0.648078
0.061875,1418.53,1325.12,0.493173,5.43233e+07,0.0206392,3.94481e-05,1.03932e-05,0.0715967,2.50244e-05,0.181375,2.57495e-05,1.02117e-05,2.98039e-15,3.90952e-07,1.01782e-05,0.000368299,0.0720449,5.68486e-09,0.000613624,9.43606e-06,0.00173578,5.44192e-05,0.000457786,1.0252e-06,5.87995e-07,6.78189e-06,1.7706e-05,3.72327e-09,1.11802e-19,1.23496e-06,3.68146e-08,2.37142e-13,5.51159e-10,1.87742e-17,9.389e-17,1.26283e-20,0,0,0,1.8511e-20,2.03056e-32,0.650956
0.0620312,1427.9,1328.89,0.497156,5.71392e+07,0.0202988,4.49201e-05,1.16338e-05,0.0658007,2.93739e-05,0.192169,2.42685e-05,8.05381e-06,3.79486e-15,5.09462e-07,1.13398e-05,0.000371717,0.0643267,5.90909e-09,0.000641168,8.16392e-06,0.00179636,5.45037e-05,0.000433272,9.96689e-07,5.78354e-07,5.85893e-06,1.51907e-05,2.96904e-09,1.14394e-19,1.08388e-06,3.51537e-08,2.79549e-13,4.47092e-10,1.37271e-17,9.548e-17,1.26105e-20,0,0,0,1.84985e-20,2.34672e-32,0.653946
0.0621875,1437.29,1332.65,0.50114,6.01054e+07,0.0198458,5.15973e-05,1.30764e-05,0.0598959,3.48843e-05,0.203074,2.26185e-05,6.21255e-06,4.83827e-15,6.75186e-07,1.26774e-05,0.000373597,0.0566317,6.11759e-09,0.00067007,6.91804e-06,0.00184431,5.40322e-05,0.000404639,9.56352e-07,5.59946e-07,4.99671e-06,1.27388e-05,2.30694e-09,1.16764e-19,9.2918e-07,3.44904e-08,3.3274e-13,3.52582e-10,9.63166e-18,9.63359e-17,1.25936e-20,0,0,0,1.84876e-20,2.68096e-32,0.657037
0.0623438,1446.68,1335.62,0.505115,6.33207e+07,0.0192758,5.99474e-05,1.47849e-05,0.0539101,4.20505e-05,0.214026,2.08172e-05,4.66704e-06,6.18884e-15,9.13495e-07,1.42353e-05,0.000373677,0.0490168,6.30674e-09,0.000700902,5.72097e-06,0.00187669,5.29236e-05,0.000371664,9.03158e-07,5.3163e-07,4.19601e-06,1.03936e-05,1.7425e-09,1.18911e-19,7.74402e-07,3.50105e-08,4.01356e-13,2.69338e-10,6.43849e-18,9.6507e-17,1.25778e-20,0,0,0,1.84783e-20,3.01147e-32,0.660215
0.0624219,1451.38,1337.06,0.5071,6.50098e+07,0.018945,6.50041e-05,1.57766e-05,0.050896,4.65137e-05,0.219499,1.98682e-05,3.9964e-06,7.01781e-15,1.07359e-06,1.51208e-05,0.000372999,0.0452598,6.395e-09,0.00071735,5.14693e-06,0.00188578,5.21084e-05,0.000353466,8.71475e-07,5.13468e-07,3.818e-06,9.27406e-06,1.49719e-09,1.19903e-19,6.98143e-07,3.58192e-08,4.43968e-13,2.32238e-10,5.15289e-18,9.63641e-17,1.25704e-20,0,0,0,1.84742e-20,3.16152e-32,0.661831
0.0625,1456.08,1338.51,0.50908,6.69119e+07,0.018583,7.07853e-05,1.68755e-05,0.0478758,5.1728e-05,0.224952,1.88897e-05,3.3921e-06,7.97053e-15,1.27038e-06,1.60833e-05,0.000371709,0.0415524,6.47497e-09,0.00073461,4.59441e-06,0.00188926,5.10983e-05,0.000334073,8.3605e-07,4.92398e-07,3.45522e-06,8.19918e-06,1.27833e-09,1.20838e-19,6.2346e-07,3.70539e-08,4.9364e-13,1.98378e-10,4.06038e-18,9.60642e-17,1.25633e-20,0,0,0,1.84706e-20,3.29963e-32,0.663459
0.0625781,1460.77,1339.95,0.511051,6.89588e+07,0.0181893,7.74488e-05,1.81009e-05,0.044857,5.78729e-05,0.23037,1.7886e-05,2.85068e-06,9.06884e-15,1.5142e-06,1.71283e-05,0.000369695,0.0379072,6.54422e-09,0.000752792,4.06675e-06,0.0018865,4.98802e-05,0.000313475,7.96661e-07,4.68322e-07,3.10713e-06,7.17514e-06,1.08572e-09,1.21715e-19,5.50942e-07,3.87855e-08,5.52079e-13,1.67777e-10,3.14635e-18,9.56178e-17,1.25565e-20,0,0,0,1.84674e-20,3.4257e-32,0.665095
0.0626562,1465.42,1341.4,0.513004,7.11689e+07,0.0177638,8.51843e-05,1.94751e-05,0.0418482,6.5174e-05,0.235738,1.68618e-05,2.36936e-06,1.03369e-14,1.81828e-06,1.82581e-05,0.000366809,0.0343384,6.59873e-09,0.000772014,3.56734e-06,0.00187685,4.84408e-05,0.00029168,7.53094e-07,4.41183e-07,2.77344e-06,6.20822e-06,9.18985e-10,1.22536e-19,4.81201e-07,4.11058e-08,6.21414e-13,1.40435e-10,2.39486e-18,9.50358e-17,1.25501e-20,0,0,0,1.84646e-20,3.54172e-32,0.666732
0.0627344,1470.01,1342.85,0.514929,7.35514e+07,0.0173062,9.42184e-05,2.10229e-05,0.0388598,7.39133e-05,0.241036,1.58223e-05,1.94551e-06,1.17999e-14,2.19919e-06,1.94692e-05,0.000362848,0.030862,6.63238e-09,0.000792384,3.09959e-06,0.00185958,4.67672e-05,0.000268724,7.05169e-07,4.10997e-07,2.45405e-06,5.30463e-06,7.77558e-10,1.23302e-19,4.14864e-07,4.41332e-08,7.0428e-13,1.16312e-10,1.78889e-18,9.43289e-17,1.25441e-20,0,0,0,1.84623e-20,3.6546e-32,0.668365
0.0628125,1474.49,1344.29,0.516807,7.60989e+07,0.0168166,0.000104817,2.27703e-05,0.035904,8.44403e-05,0.246244,1.47733e-05,1.57646e-06,1.34817e-14,2.67697e-06,2.07478e-05,0.000357545,0.0274954,6.63642e-09,0.000814003,2.6668e-06,0.00183394,4.48483e-05,0.000244691,6.52794e-07,3.77893e-07,2.14906e-06,4.47021e-06,6.60639e-10,1.24016e-19,3.52556e-07,4.80194e-08,8.03877e-13,9.53206e-11,1.31064e-18,9.35079e-17,1.25385e-20,0,0,0,1.84604e-20,3.77375e-32,0.669983
0.0628906,1478.8,1345.74,0.518616,7.87778e+07,0.0162953,0.000117284,2.47439e-05,0.0329946,9.71805e-05,0.251337,1.37211e-05,1.25942e-06,1.53996e-14,3.27452e-06,2.20645e-05,0.000350564,0.0242583,6.59908e-09,0.000836952,2.27192e-06,0.00179916,4.2676e-05,0.000219735,5.96052e-07,3.42163e-07,1.85884e-06,3.71012e-06,5.67156e-10,1.2468e-19,2.9487e-07,5.29586e-08,9.23988e-13,7.73275e-11,9.41929e-19,9.25828e-17,1.25333e-20,0,0,0,1.84589e-20,3.9111e-32,0.671577
0.0629687,1482.86,1347.18,0.520329,8.15159e+07,0.0157431,0.00013195,2.69671e-05,0.0301476,0.00011264,0.256289,1.26726e-05,9.91486e-07,1.75579e-14,4.01544e-06,2.33691e-05,0.000341509,0.0211712,6.50559e-09,0.000861292,1.91728e-06,0.0017545,4.02485e-05,0.0001941,5.35318e-07,3.04308e-07,1.58424e-06,3.02844e-06,4.95746e-10,1.25296e-19,2.42338e-07,5.91981e-08,1.06889e-12,6.21505e-11,6.64675e-19,9.15633e-17,1.25285e-20,0,0,0,1.84579e-20,4.08046e-32,0.673137
0.0630469,1486.57,1348.63,0.521909,8.41903e+07,0.0151611,0.000149153,2.9457e-05,0.0273804,0.000131398,0.261073,1.16354e-05,7.69582e-07,1.99377e-14,4.91941e-06,2.45853e-05,0.00032995,0.018256,6.33911e-09,0.000887062,1.60434e-06,0.00169935,3.75731e-05,0.00016815,4.71376e-07,2.65083e-07,1.32663e-06,2.42778e-06,4.44759e-10,1.25869e-19,1.95389e-07,6.70508e-08,1.24314e-12,4.95648e-11,4.61529e-19,9.04582e-17,1.25242e-20,0,0,0,1.84574e-20,4.28988e-32,0.674649
0.063125,1489.83,1350.08,0.523315,8.66167e+07,0.0145514,0.000169209,3.22196e-05,0.0247118,0.000154084,0.265659,1.06181e-05,5.90505e-07,2.24858e-14,5.99473e-06,2.56105e-05,0.000315487,0.0155341,6.08281e-09,0.000914282,1.33342e-06,0.00163327,3.46698e-05,0.000142368,4.05503e-07,2.25485e-07,1.08798e-06,1.90888e-06,4.12279e-10,1.264e-19,1.54306e-07,7.69055e-08,1.4511e-12,3.93117e-11,3.16497e-19,8.92761e-17,1.25203e-20,0,0,0,1.84572e-20,4.54987e-32,0.6761
0.0631641,1491.24,1350.8,0.523937,8.76275e+07,0.0142372,0.000180405,3.37019e-05,0.0234211,0.000167119,0.267867,1.01203e-05,5.15821e-07,2.37947e-14,6.59225e-06,2.60098e-05,0.000307068,0.0142527,5.91804e-09,0.00092845,1.2133e-06,0.00159607,3.31438e-05,0.000129751,3.72463e-07,2.05954e-07,9.76566e-07,1.67944e-06,4.02176e-10,1.26651e-19,1.35979e-07,8.27481e-08,1.56904e-12,3.49561e-11,2.61198e-19,8.86588e-17,1.25186e-20,0,0,0,1.84579e-20,4.76668e-32,0.676799
0.0632031,1492.49,1351.51,0.524496,8.85287e+07,0.0139173,0.0001924,3.5248e-05,0.0221634,0.000181374,0.270013,9.63127e-06,4.50708e-07,2.51033e-14,7.22425e-06,2.63127e-05,0.000297829,0.0130283,5.72697e-09,0.000942994,1.10341e-06,0.00155605,3.15751e-05,0.000117416,3.3966e-07,1.86799e-07,8.70939e-07,1.47e-06,3.96023e-10,1.26894e-19,1.19162e-07,8.92902e-08,1.69668e-12,3.10876e-11,2.15438e-19,8.80243e-17,1.25169e-20,0,0,0,1.84575e-20,4.88782e-32,0.677476
0.0632422,1493.56,1352.03,0.524988,8.92374e+07,0.0135923,0.000205205,3.68528e-05,0.020941,0.000196924,0.272092,9.15239e-06,3.9463e-07,2.63912e-14,7.88252e-06,2.65012e-05,0.000287765,0.0118632,5.50953e-09,0.000957913,1.00337e-06,0.00151325,2.99714e-05,0.000105453,3.07397e-07,1.68188e-07,7.71412e-07,1.27994e-06,3.93518e-10,1.27127e-19,1.03831e-07,9.66121e-08,1.8342e-12,2.7663e-11,1.777e-19,8.73735e-17,1.25154e-20,0,0,0,1.84584e-20,5.14061e-32,0.67813
0.0632813,1494.43,1352.54,0.525405,8.97136e+07,0.0132628,0.000218821,3.85106e-05,0.0197564,0.000213826,0.274103,8.68488e-06,3.47108e-07,2.76362e-14,8.55597e-06,2.65588e-05,0.000276891,0.0107592,5.26667e-09,0.000973206,9.12753e-07,0.00146776,2.83406e-05,9.39524e-05,2.7597e-07,1.5028e-07,6.78274e-07,1.10849e-06,3.94367e-10,1.27352e-19,8.9945e-08,1.04801e-07,1.98163e-12,2.46431e-11,1.46782e-19,8.67072e-17,1.2514e-20,0,0,0,1.8458e-20,5.25261e-32,0.67876
0.0633203,1495.09,1353.06,0.525744,8.99182e+07,0.0129296,0.000233233,4.02141e-05,0.0186118,0.000232132,0.27604,8.22998e-06,3.07665e-07,2.88137e-14,9.23031e-06,2.64707e-05,0.00026524,0.00971796,5.00013e-09,0.000988868,8.3112e-07,0.00141973,2.66917e-05,8.29987e-05,2.45675e-07,1.33221e-07,5.91778e-07,9.54834e-07,3.98275e-10,1.27569e-19,7.7457e-08,1.13952e-07,2.13881e-12,2.19907e-11,1.21503e-19,8.60266e-17,1.25128e-20,0,0,0,1.84591e-20,5.52962e-32,0.679364
0.0633594,1495.52,1353.58,0.525999,8.98128e+07,0.0125935,0.000248412,4.19551e-05,0.0175093,0.000251871,0.277902,7.78888e-06,2.75856e-07,2.98988e-14,9.88841e-06,2.62251e-05,0.000252868,0.00874048,4.71272e-09,0.00100489,7.57975e-07,0.00136932,2.5034e-05,7.26705e-05,2.16784e-07,1.17137e-07,5.12117e-07,8.18019e-07,4.04959e-10,1.27779e-19,6.63062e-08,1.24167e-07,2.30541e-12,1.96709e-11,1.00973e-19,8.53325e-17,1.25115e-20,0,0,0,1.84588e-20,5.66445e-32,0.679941
0.0633984,1495.72,1354.1,0.526166,8.93625e+07,0.0122555,0.000264312,4.37244e-05,0.0164508,0.000273056,0.279685,7.36268e-06,2.51231e-07,3.08656e-14,1.05102e-05,2.58138e-05,0.000239852,0.00782748,4.40824e-09,0.00102126,6.9279e-07,0.00131674,2.33779e-05,6.30358e-05,1.89545e-07,1.02131e-07,4.3941e-07,6.97003e-07,4.14142e-10,1.27981e-19,5.6423e-08,1.35557e-07,2.48088e-12,1.76503e-11,8.42982e-20,8.4626e-17,1.25105e-20,0,0,0,1.84601e-20,5.97444e-32,0.68049
0.0634375,1495.67,1354.62,0.526241,8.85373e+07,0.0119166,0.000280868,4.55117e-05,0.0154378,0.000295669,0.281388,6.95239e-06,2.33377e-07,3.16914e-14,1.10741e-05,2.52333e-05,0.00022629,0.00697916,4.09114e-09,0.00103794,6.35039e-07,0.00126226,2.17336e-05,5.4149e-05,1.64165e-07,8.82828e-08,3.73689e-07,5.90704e-07,4.25553e-10,1.28177e-19,4.77289e-08,1.48233e-07,2.66446e-12,1.58984e-11,7.08478e-20,8.3908e-17,1.25096e-20,0,0,0,1.84599e-20,6.14724e-32,0.681009
0.0634766,1495.37,1355.14,0.526221,8.73146e+07,0.0115778,0.000297995,4.73069e-05,0.0144717,0.000319667,0.283008,6.55889e-06,2.21876e-07,3.23542e-14,1.15572e-05,2.44854e-05,0.0002123,0.00619521,3.76695e-09,0.00105491,5.84166e-07,0.00120618,2.01117e-05,4.60486e-05,1.40805e-07,7.5641e-08,3.14884e-07,4.97949e-07,4.3893e-10,1.28366e-19,4.01382e-08,1.62315e-07,2.85517e-12,1.43861e-11,5.9977e-20,8.31795e-17,1.25088e-20,0,0,0,1.84612e-20,6.49197e-32,0.681498
0.0635156,1494.81,1355.66,0.526106,8.56805e+07,0.0112403,0.000315588,4.90988e-05,0.0135534,0.000344972,0.284545,6.18288e-06,2.16355e-07,3.28384e-14,1.19381e-05,2.35771e-05,0.000198013,0.00547479,3.44093e-09,0.00107209,5.39651e-07,0.00114882,1.85228e-05,3.87562e-05,1.19572e-07,6.42286e-08,2.62838e-07,4.17592e-07,4.5402e-10,1.2855e-19,3.35622e-08,1.77909e-07,3.05185e-12,1.30877e-11,5.12574e-20,8.24417e-17,1.2508e-20,0,0,0,1.84611e-20,6.66456e-32,0.681957
0.0635547,1493.99,1356.18,0.525895,8.36315e+07,0.0109052,0.000333519,5.08774e-05,0.0126836,0.000371468,0.285998,5.82496e-06,2.16435e-07,3.31315e-14,1.21968e-05,2.25215e-05,0.000183576,0.00481655,3.11936e-09,0.00108943,5.00954e-07,0.00109056,1.6977e-05,3.22744e-05,1.00518e-07,5.40394e-08,2.17276e-07,3.4842e-07,4.70571e-10,1.28728e-19,2.79069e-08,1.9513e-07,3.25314e-12,1.19792e-11,4.42387e-20,8.16955e-17,1.25074e-20,0,0,0,1.84625e-20,7.04234e-32,0.682385
0.0635938,1492.92,1356.69,0.525587,8.11762e+07,0.0105737,0.000351645,5.26322e-05,0.0118626,0.000399004,0.287368,5.48547e-06,2.21776e-07,3.32292e-14,1.23183e-05,2.1336e-05,0.000169138,0.00421865,2.80711e-09,0.00110681,4.67599e-07,0.00103177,1.54839e-05,2.6589e-05,8.36403e-08,4.50457e-08,1.77861e-07,2.89312e-07,4.88339e-10,1.289e-19,2.30817e-08,2.14063e-07,3.45752e-12,1.10396e-11,3.86435e-20,8.09422e-17,1.25069e-20,0,0,0,1.84624e-20,7.24141e-32,0.682784
0.0636328,1491.6,1357.21,0.525187,7.83355e+07,0.010247,0.000369799,5.4354e-05,0.0110902,0.000427384,0.288654,5.16466e-06,2.32025e-07,3.31324e-14,1.22922e-05,2.00435e-05,0.000154853,0.00367878,2.50994e-09,0.00112412,4.39096e-07,0.000972856,1.40522e-05,2.16679e-05,6.88818e-08,3.71944e-08,1.44152e-07,2.39108e-07,5.07081e-10,1.29068e-19,1.89935e-08,2.34788e-07,3.66329e-12,1.02495e-11,3.41685e-20,8.01828e-17,1.25065e-20,0,0,0,1.84639e-20,7.65335e-32,0.683152
0.0636719,1490.03,1357.73,0.524695,7.51429e+07,0.00992639,0.000387801,5.60333e-05,0.010366,0.000456379,0.289858,4.86254e-06,2.46846e-07,3.28492e-14,1.21155e-05,1.86689e-05,0.000140868,0.00319423,2.23117e-09,0.00114122,4.15025e-07,0.000914229,1.26896e-05,1.74672e-05,5.61487e-08,3.04208e-08,1.15685e-07,1.96779e-07,5.26557e-10,1.29231e-19,1.55568e-08,2.5734e-07,3.86865e-12,9.59278e-12,3.06387e-20,7.94186e-17,1.25061e-20,0,0,0,1.84639e-20,7.90373e-32,0.683491
0.0637109,1488.24,1358.25,0.524118,7.16437e+07,0.00961282,0.000405458,5.7662e-05,0.00968919,0.00048572,0.290983,4.57903e-06,2.65879e-07,3.2394e-14,1.17918e-05,1.72408e-05,0.000127325,0.00276192,1.97496e-09,0.00115796,3.94952e-07,0.000856286,1.14024e-05,1.39289e-05,4.53013e-08,2.4641e-08,9.19182e-08,1.61281e-07,5.46531e-10,1.2939e-19,1.26856e-08,2.81737e-07,4.07166e-12,9.05405e-12,2.78525e-20,7.86507e-17,1.25059e-20,0,0,0,1.84653e-20,8.33071e-32,0.683803
0.06375,1486.24,1358.77,0.523461,6.78933e+07,0.0093074,0.000422572,5.92309e-05,0.00905873,0.000515112,0.29203,4.31381e-06,2.88754e-07,3.1785e-14,1.13321e-05,1.57865e-05,0.000114346,0.00237852,1.74246e-09,0.00117417,3.78518e-07,0.000799412,1.01957e-05,1.09905e-05,3.61852e-08,1.97692e-08,7.23364e-08,1.31727e-07,5.66771e-10,1.29545e-19,1.03054e-08,3.0793e-07,4.27033e-12,8.62073e-12,2.57036e-20,7.78804e-17,1.25056e-20,0,0,0,1.84654e-20,8.59039e-32,0.684087
0.0637891,1484.04,1359.29,0.522731,6.39555e+07,0.00901108,0.000438941,6.07318e-05,0.00847319,0.000544231,0.293002,4.06653e-06,3.15057e-07,3.10462e-14,1.0754e-05,1.43347e-05,0.000102043,0.00204049,1.53563e-09,0.00118971,3.65343e-07,0.000743966,9.07301e-06,8.58168e-06,2.8616e-08,1.5707e-08,5.63775e-08,1.07232e-07,5.87054e-10,1.29695e-19,8.34239e-09,3.35845e-07,4.46261e-12,8.28081e-12,2.40607e-20,7.7109e-17,1.25056e-20,0,0,0,1.84668e-20,8.98442e-32,0.684346
0.0638281,1481.66,1359.81,0.521934,5.98983e+07,0.00872468,0.00045437,6.21546e-05,0.00793093,0.000572751,0.293902,3.8366e-06,3.44351e-07,3.02004e-14,1.0079e-05,1.29098e-05,9.04973e-05,0.00174417,1.35358e-09,0.0012044,3.55115e-07,0.000690275,8.03646e-06,6.63464e-06,2.24163e-08,1.23627e-08,4.35473e-08,8.70713e-08,6.07167e-10,1.29842e-19,6.73518e-09,3.65334e-07,4.64648e-12,8.02438e-12,2.2859e-20,7.63377e-17,1.25055e-20,0,0,0,1.84668e-20,9.15738e-32,0.684581
0.0638672,1479.14,1360.33,0.52108,5.57928e+07,0.00844892,0.000468675,6.34896e-05,0.00743008,0.00060033,0.294734,3.62344e-06,3.76142e-07,2.92751e-14,9.33299e-06,1.15354e-05,7.97781e-05,0.00148584,1.19628e-09,0.00121812,3.47495e-07,0.000638624,7.08639e-06,5.07976e-06,1.73949e-08,9.63859e-09,3.33331e-08,7.05321e-08,6.26916e-10,1.29986e-19,5.42423e-09,3.96217e-07,4.81995e-12,7.8417e-12,2.20118e-20,7.5568e-17,1.25055e-20,0,0,0,1.84682e-20,9.55983e-32,0.684794
0.0639062,1476.48,1360.84,0.520176,5.17066e+07,0.00818436,0.000481693,6.47243e-05,0.0069686,0.000626652,0.295503,3.42626e-06,4.09913e-07,2.82916e-14,8.54143e-06,1.02292e-05,6.9921e-05,0.00126185,1.06141e-09,0.00123076,3.42204e-07,0.000589251,6.22229e-06,3.85486e-06,1.33819e-08,7.44838e-09,2.53125e-08,5.70527e-08,6.46128e-10,1.30126e-19,4.36206e-09,4.28254e-07,4.98123e-12,7.7246e-12,2.14795e-20,7.48012e-17,1.25056e-20,0,0,0,1.84683e-20,9.73813e-32,0.684986
0.0639453,1473.73,1361.36,0.519231,4.77045e+07,0.0079314,0.000493286,6.58469e-05,0.00654433,0.000651408,0.296211,3.24433e-06,4.451e-07,2.72742e-14,7.73106e-06,9.00662e-06,6.09489e-05,0.0010686,9.47545e-10,0.00124223,3.38939e-07,0.000542344,5.44188e-06,2.90014e-06,1.02064e-08,5.70448e-09,1.90658e-08,4.6087e-08,6.64654e-10,1.30262e-19,3.50332e-09,4.6117e-07,5.12865e-12,7.66476e-12,2.12035e-20,7.40387e-17,1.25057e-20,0,0,0,1.84696e-20,1.01094e-31,0.685159
0.0639844,1470.89,1361.88,0.518254,4.38412e+07,0.0076903,0.000503344,6.68434e-05,0.00615499,0.000674341,0.296863,3.07674e-06,4.81137e-07,2.62384e-14,6.92402e-06,7.87679e-06,5.28542e-05,0.000902672,8.51822e-10,0.00125249,3.37448e-07,0.000498043,4.74228e-06,2.16553e-06,7.72599e-09,4.33427e-09,1.42662e-08,3.72181e-08,6.82376e-10,1.30396e-19,2.81306e-09,4.94664e-07,5.26086e-12,7.65503e-12,2.11573e-20,7.32819e-17,1.25058e-20,0,0,0,1.84697e-20,1.02388e-31,0.685315
0.0640234,1468,1362.4,0.517253,4.0164e+07,0.00746118,0.000511791,6.7701e-05,0.00579828,0.000695219,0.297463,2.92264e-06,5.17437e-07,2.52016e-14,6.14135e-06,6.84652e-06,4.56193e-05,0.000760834,7.72244e-10,0.00126154,3.37454e-07,0.000456433,4.11925e-06,1.60523e-06,5.80447e-09,3.26679e-09,1.06004e-08,3.00465e-08,6.99207e-10,1.30527e-19,2.25838e-09,5.28413e-07,5.37674e-12,7.688e-12,2.12993e-20,7.25321e-17,1.2506e-20,0,0,0,1.84709e-20,1.05479e-31,0.685455
0.0640625,1465.07,1362.92,0.516237,3.67069e+07,0.00724401,0.000518585,6.84067e-05,0.00547187,0.000713877,0.298015,2.78105e-06,5.53448e-07,2.41723e-14,5.39768e-06,5.91709e-06,3.92035e-05,0.000640082,7.0606e-10,0.00126939,3.38736e-07,0.000417556,3.56828e-06,1.18289e-06,4.33413e-09,2.44589e-09,7.83732e-09,2.42759e-08,7.1509e-10,1.30655e-19,1.81479e-09,5.62102e-07,5.47563e-12,7.75714e-12,2.16096e-20,7.17909e-17,1.25062e-20,0,0,0,1.8471e-20,1.05999e-31,0.685582
0.0641016,1462.12,1363.44,0.515211,3.3495e+07,0.00703862,0.00052372,6.89498e-05,0.00517346,0.00073019,0.298523,2.65112e-06,5.88628e-07,2.31605e-14,4.70561e-06,5.08809e-06,3.35609e-05,0.000537655,6.51296e-10,0.0012761,3.41051e-07,0.000381407,3.08401e-06,8.66631e-07,3.21589e-09,1.81862e-09,5.76151e-09,1.9626e-08,7.29999e-10,1.3078e-19,1.45954e-09,5.95406e-07,5.55709e-12,7.85572e-12,2.20567e-20,7.10593e-17,1.25065e-20,0,0,0,1.84721e-20,1.08274e-31,0.685695
0.0641406,1459.18,1363.96,0.514184,3.05405e+07,0.00684474,0.000527218,6.93212e-05,0.00490079,0.000744099,0.298991,2.53186e-06,6.22508e-07,2.21691e-14,4.07146e-06,4.35522e-06,2.86314e-05,0.000451062,6.05728e-10,0.00128175,3.44211e-07,0.000347946,2.66104e-06,6.32269e-07,2.37516e-09,1.34532e-09,4.22157e-09,1.58939e-08,7.43933e-10,1.30903e-19,1.17606e-09,6.28051e-07,5.62115e-12,7.97783e-12,2.2624e-20,7.03388e-17,1.25067e-20,0,0,0,1.84723e-20,1.08288e-31,0.685798
0.0641797,1456.25,1364.48,0.513161,2.7848e+07,0.00666201,0.000529132,6.95155e-05,0.00465168,0.000755588,0.299422,2.42243e-06,6.54657e-07,2.12026e-14,3.49982e-06,3.71334e-06,2.43546e-05,0.000378061,5.67748e-10,0.00128642,3.48015e-07,0.000317098,2.29362e-06,4.59324e-07,1.74552e-09,9.89631e-10,3.07971e-09,1.28895e-08,7.56916e-10,1.31023e-19,9.49178e-10,6.5976e-07,5.66803e-12,8.11752e-12,2.32865e-20,6.96305e-17,1.25071e-20,0,0,0,1.84732e-20,1.1032e-31,0.68589
0.0642187,1453.36,1364.91,0.512147,2.54121e+07,0.00648999,0.000529538,6.95304e-05,0.00442407,0.000764696,0.299819,2.32192e-06,6.84738e-07,2.02609e-14,2.99056e-06,3.15513e-06,2.06642e-05,0.000316672,5.35746e-10,0.00129021,3.52311e-07,0.000288765,1.9762e-06,3.32845e-07,1.27886e-09,7.25481e-10,2.24304e-09,1.04782e-08,7.68986e-10,1.31141e-19,7.68067e-10,6.90328e-07,5.69841e-12,8.26964e-12,2.40297e-20,6.89355e-17,1.25073e-20,0,0,0,1.84734e-20,1.10132e-31,0.685974
0.0642578,1450.52,1365.25,0.511147,2.32231e+07,0.00632817,0.000528531,6.93673e-05,0.00421599,0.0007715,0.300187,2.22954e-06,7.12463e-07,1.93456e-14,2.54266e-06,2.67325e-06,1.74972e-05,0.000265152,5.0856e-10,0.00129324,3.56944e-07,0.000262827,1.70325e-06,2.40503e-07,9.3346e-10,5.29507e-10,1.62847e-09,8.53461e-09,7.80199e-10,1.31257e-19,6.2288e-10,7.19545e-07,5.713e-12,8.42915e-12,2.48334e-20,6.82548e-17,1.25077e-20,0,0,0,1.84742e-20,1.11689e-31,0.68605
0.0642969,1447.73,1365.58,0.510165,2.12648e+07,0.00617601,0.000526222,6.90307e-05,0.0040256,0.000776113,0.300526,2.14448e-06,7.37641e-07,1.84558e-14,2.15215e-06,2.25951e-06,1.47907e-05,0.000221988,4.85123e-10,0.0012956,3.61798e-07,0.000239153,1.46961e-06,1.73576e-07,6.80173e-10,3.85721e-10,1.18207e-09,6.97127e-09,7.90616e-10,1.3137e-19,5.06684e-10,7.47284e-07,5.7129e-12,8.59183e-12,2.56847e-20,6.75892e-17,1.2508e-20,0,0,0,1.84743e-20,1.11213e-31,0.686119
0.0643359,1445,1365.92,0.509204,1.95197e+07,0.00603295,0.000522728,6.85286e-05,0.0038512,0.000778671,0.300842,2.06604e-06,7.60127e-07,1.7592e-14,1.81503e-06,1.90628e-06,1.24873e-05,0.000185867,4.64666e-10,0.0012974,3.66759e-07,0.000217603,1.27035e-06,1.24998e-07,4.94135e-10,2.79988e-10,8.5598e-10,5.70724e-09,8.00303e-10,1.31481e-19,4.13203e-10,7.73407e-07,5.69914e-12,8.75363e-12,2.65673e-20,6.69395e-17,1.25083e-20,0,0,0,1.8475e-20,1.12312e-31,0.686182
0.064375,1442.35,1366.26,0.508267,1.79671e+07,0.00589842,0.000518174,6.78711e-05,0.00369124,0.00077933,0.301134,1.99354e-06,7.79852e-07,1.67537e-14,1.52589e-06,1.60591e-06,1.05329e-05,0.000155666,4.46519e-10,0.00129874,3.71743e-07,0.000198032,1.10106e-06,8.98423e-08,3.58244e-10,2.02864e-10,6.19728e-10,4.68592e-09,8.09326e-10,1.3159e-19,3.38014e-10,7.9785e-07,5.67301e-12,8.9112e-12,2.74696e-20,6.63063e-17,1.25087e-20,0,0,0,1.84752e-20,1.11707e-31,0.68624
0.0644531,1437.27,1366.93,0.50647,1.53864e+07,0.00565302,0.000506252,6.61246e-05,0.00341008,0.000775423,0.301659,1.86452e-06,8.10896e-07,1.51497e-14,1.07644e-06,1.14288e-06,7.52718e-06,0.000110115,4.15653e-10,0.00130024,3.81514e-07,0.000164374,8.40072e-07,4.76226e-08,1.92064e-10,1.08352e-10,3.31223e-10,3.20961e-09,8.25595e-10,1.31802e-19,2.30034e-10,8.41332e-07,5.58704e-12,9.20392e-12,2.92918e-20,6.50904e-17,1.25093e-20,0,0,0,1.84758e-20,1.11727e-31,0.686341
0.0645313,1432.53,1367.61,0.504786,1.33387e+07,0.00543484,0.000491582,6.3931e-05,0.00316987,0.00076606,0.302119,1.75214e-06,8.3167e-07,1.36498e-14,7.55319e-07,8.12824e-07,5.38251e-06,7.81868e-05,3.89354e-10,0.00130078,3.90713e-07,0.000136704,6.53582e-07,2.5304e-08,1.02921e-10,5.78203e-11,1.77421e-10,2.22331e-09,8.40016e-10,1.32007e-19,1.58487e-10,8.78022e-07,5.4668e-12,9.45442e-12,3.10808e-20,6.39414e-17,1.251e-20,0,0,0,1.84765e-20,1.11714e-31,0.686427
0.0646094,1428.12,1368.28,0.503218,1.16991e+07,0.00523991,0.000475026,6.14136e-05,0.00296275,0.00075256,0.302526,1.65312e-06,8.43234e-07,1.22589e-14,5.2866e-07,5.7881e-07,3.85672e-06,5.57736e-05,3.66148e-10,0.00130075,3.99124e-07,0.000114013,5.2095e-07,1.35352e-08,5.53643e-11,3.09614e-11,9.56307e-11,1.55772e-09,8.5297e-10,1.32204e-19,1.1058e-10,9.08196e-07,5.32136e-12,9.65471e-12,3.27884e-20,6.28598e-17,1.25107e-20,0,0,0,1.84772e-20,1.11621e-31,0.686503
0.0646875,1424.05,1368.95,0.501767,1.03685e+07,0.00506479,0.000457306,5.86876e-05,0.00278247,0.000736086,0.302888,1.5649e-06,8.46871e-07,1.09808e-14,3.69881e-07,4.1326e-07,2.7716e-06,3.99858e-05,3.45176e-10,0.0013004,4.06645e-07,9.54187e-05,4.26776e-07,7.30327e-09,2.99556e-11,1.66724e-11,5.19365e-11,1.10331e-09,8.64745e-10,1.32394e-19,7.81079e-11,9.32305e-07,5.15853e-12,9.80184e-12,3.43821e-20,6.18449e-17,1.25113e-20,0,0,0,1.84779e-20,1.11463e-31,0.686569
0.0647656,1420.3,1369.63,0.500431,9.27159e+06,0.00490652,0.000439005,5.58523e-05,0.00262406,0.000717617,0.303214,1.48547e-06,8.43913e-07,9.8169e-15,2.59026e-07,2.96044e-07,1.99807e-06,2.8805e-05,3.25943e-10,0.0012999,4.13247e-07,8.01776e-05,3.59802e-07,3.97293e-09,1.62977e-11,9.02858e-12,2.84019e-11,7.89242e-10,8.75553e-10,1.32578e-19,5.58113e-11,9.50884e-07,4.98474e-12,9.89654e-12,3.58421e-20,6.0895e-17,1.2512e-20,0,0,0,1.84786e-20,1.11342e-31,0.686628
0.0648438,1416.88,1370.3,0.499205,8.35217e+06,0.00476263,0.000420573,5.29883e-05,0.00248365,0.000697937,0.303508,1.41331e-06,8.35626e-07,8.76549e-15,1.81517e-07,2.1269e-07,1.44371e-06,2.0825e-05,3.08157e-10,0.00129936,4.18945e-07,6.76719e-05,3.11904e-07,2.15649e-09,8.83853e-12,4.88139e-12,1.55387e-11,5.69176e-10,8.85535e-10,1.32755e-19,4.02794e-11,9.64503e-07,4.80513e-12,9.94173e-12,3.71568e-20,6.0008e-17,1.25126e-20,0,0,0,1.84792e-20,1.11252e-31,0.686681
0.065,1410.91,1371.65,0.497069,6.91227e+06,0.00451162,0.0003843,4.73531e-05,0.00224743,0.000656718,0.304017,1.28727e-06,8.06376e-07,6.97356e-15,9.38393e-08,1.15917e-07,7.94751e-07,1.1519e-05,2.76314e-10,0.00129831,4.27672e-07,4.93474e-05,2.55653e-07,7.35935e-10,2.96427e-12,1.62091e-12,5.24818e-12,3.17385e-10,9.03317e-10,1.3309e-19,2.26155e-11,9.78208e-07,4.44021e-12,9.89355e-12,3.93114e-20,5.84142e-17,1.25138e-20,0,0,0,1.84804e-20,1.11111e-31,0.686772
0.0651562,1405.94,1373,0.49528,5.81237e+06,0.00429709,0.000350417,4.2134e-05,0.00205171,0.000616139,0.304449,1.17822e-06,7.67871e-07,5.55395e-15,4.9793e-08,6.50823e-08,4.48002e-07,6.54006e-06,2.48612e-10,0.00129746,4.33512e-07,3.6614e-05,2.25152e-07,2.61608e-10,1.02757e-12,5.59054e-13,1.836e-12,1.84666e-10,9.18771e-10,1.33404e-19,1.33658e-11,9.79017e-07,4.08855e-12,9.70812e-12,4.09108e-20,5.70161e-17,1.25148e-20,0,0,0,1.84816e-20,1.11004e-31,0.686849
0.0653125,1401.78,1373.91,0.493784,4.94469e+06,0.00411074,0.000319568,3.74501e-05,0.00188605,0.000577741,0.304822,1.08242e-06,7.24931e-07,4.44115e-15,2.72632e-08,3.77615e-08,2.58546e-07,3.80876e-06,2.24509e-10,0.00129682,4.36992e-07,2.76294e-05,2.07741e-07,9.77261e-11,3.71283e-13,2.01954e-13,6.68503e-13,1.124e-10,9.32122e-10,1.33696e-19,8.34332e-12,9.70421e-07,3.76032e-12,9.42452e-12,4.20182e-20,5.57876e-17,1.25158e-20,0,0,0,1.84827e-20,1.10937e-31,0.686915
0.0654687,1398.33,1374.66,0.492537,4.24493e+06,0.00394678,0.000291878,3.33217e-05,0.00174352,0.000542212,0.305146,9.97383e-07,6.80633e-07,3.57253e-15,1.54651e-08,2.27057e-08,1.52634e-07,2.27216e-06,2.03536e-10,0.00129634,4.3855e-07,2.11884e-05,1.97052e-07,3.84502e-11,1.40022e-13,7.65757e-14,2.52746e-13,7.1852e-11,9.43502e-10,1.33969e-19,5.52046e-12,9.55014e-07,3.45949e-12,9.07445e-12,4.26993e-20,5.47052e-17,1.25167e-20,0,0,0,1.84838e-20,1.10892e-31,0.686973
0.065625,1395.48,1375.4,0.491505,3.67186e+06,0.00380104,0.000267213,2.97188e-05,0.00161937,0.000509753,0.305432,9.21361e-07,6.36857e-07,2.89432e-15,9.11843e-09,1.41837e-08,9.20296e-08,1.38564e-06,1.85271e-10,0.00129598,4.38551e-07,1.64975e-05,1.89861e-07,1.59351e-11,5.50864e-14,3.04852e-14,9.88364e-14,4.84441e-11,9.53013e-10,1.34224e-19,3.87929e-12,9.34762e-07,3.18665e-12,8.68263e-12,4.30179e-20,5.37486e-17,1.25175e-20,0,0,0,1.84847e-20,1.10864e-31,0.687024
0.0657813,1393.14,1376.14,0.490655,3.19743e+06,0.00367042,0.000245322,2.65899e-05,0.00151022,0.000480294,0.305684,8.5309e-07,5.94725e-07,2.36309e-15,5.59936e-09,9.2175e-09,5.64891e-08,8.60691e-07,1.69335e-10,0.00129571,4.37308e-07,1.30289e-05,1.84522e-07,6.93975e-12,2.25512e-14,1.27127e-14,3.96652e-14,3.45331e-11,9.60762e-10,1.34462e-19,2.89069e-12,9.11216e-07,2.94069e-12,8.26829e-12,4.30366e-20,5.29009e-17,1.25183e-20,0,0,0,1.84856e-20,1.10845e-31,0.68707
0.0659375,1391.24,1376.89,0.489959,2.80176e+06,0.00355257,0.000225916,2.3877e-05,0.00141359,0.000453639,0.30591,7.91615e-07,5.54883e-07,1.94485e-15,3.57502e-09,6.22187e-09,3.50229e-08,5.40201e-07,1.55394e-10,0.00129549,4.35096e-07,1.04271e-05,1.80184e-07,3.11612e-12,9.43531e-15,5.46326e-15,1.59647e-14,2.59774e-11,9.66868e-10,1.34684e-19,2.26996e-12,8.85613e-07,2.7197e-12,7.84632e-12,4.28161e-20,5.21481e-17,1.2519e-20,0,0,0,1.84864e-20,1.10832e-31,0.687111
0.06625,1388.48,1378.23,0.488945,2.19264e+06,0.00334965,0.000193657,1.95156e-05,0.00125222,0.000408099,0.306289,6.86947e-07,4.83492e-07,1.35405e-15,1.77553e-09,3.42553e-09,1.56287e-08,2.4667e-07,1.32571e-10,0.00129518,4.2865e-07,7.09715e-06,1.73189e-07,9.13e-13,2.40043e-15,1.43502e-15,3.42543e-15,1.79369e-11,9.74509e-10,1.35082e-19,1.65396e-12,8.31983e-07,2.34627e-12,7.02475e-12,4.18577e-20,5.08947e-17,1.25202e-20,0,0,0,1.84879e-20,1.10813e-31,0.687182
0.0665625,1386.55,1378.81,0.488229,1.74957e+06,0.00317897,0.000167959,1.61722e-05,0.00111977,0.000370211,0.306603,6.00224e-07,4.22363e-07,9.69061e-16,1.02292e-09,2.17328e-09,7.42508e-09,1.19481e-07,1.14613e-10,0.00129494,4.20503e-07,5.02124e-06,1.672e-07,3.31569e-13,7.78683e-16,4.57969e-16,7.60007e-16,1.42422e-11,9.77469e-10,1.35433e-19,1.34416e-12,7.79324e-07,2.04429e-12,6.25806e-12,4.04853e-20,4.98646e-17,1.25212e-20,0,0,0,1.84892e-20,1.10805e-31,0.687242
0.066875,1385.24,1379.39,0.487733,1.41971e+06,0.00303347,0.000147249,1.3576e-05,0.00100943,0.000338408,0.306865,5.27789e-07,3.70374e-07,7.11134e-16,6.66616e-10,1.54879e-09,3.75193e-09,6.11025e-08,1.0027e-10,0.00129475,4.11314e-07,3.67526e-06,1.61798e-07,1.5494e-13,3.49145e-16,1.82298e-16,1.64627e-16,1.2346e-11,9.76539e-10,1.35744e-19,1.16627e-12,7.29283e-07,1.79802e-12,5.56192e-12,3.88675e-20,4.90067e-17,1.2522e-20,0,0,0,1.84904e-20,1.10802e-31,0.687293
0.0671875,1384.36,1379.97,0.487396,1.16951e+06,0.00290807,0.000130358,1.1532e-05,0.000916429,0.000311439,0.307087,4.66897e-07,3.26256e-07,5.33744e-16,4.75602e-10,1.20094e-09,2.01619e-09,3.28351e-08,8.86499e-11,0.0012946,4.01571e-07,2.77192e-06,1.56845e-07,9.15047e-14,2.09788e-16,9.01083e-17,2.85834e-17,1.12437e-11,9.72474e-10,1.3602e-19,1.05066e-12,6.82732e-07,1.59535e-12,4.94096e-12,3.71309e-20,4.82842e-17,1.25228e-20,0,0,0,1.84915e-20,1.10801e-31,0.687336
0.0675,1383.77,1380.29,0.487164,977028,0.00279897,0.000116426,9.90149e-06,0.000837355,0.000288327,0.307276,4.15474e-07,2.88843e-07,4.08774e-16,3.609e-10,9.8513e-10,1.14392e-09,1.83025e-08,7.91083e-11,0.00129446,3.91672e-07,2.14665e-06,1.52304e-07,6.40697e-14,1.51317e-16,5.32402e-17,0,1.05163e-11,9.65994e-10,1.36266e-19,9.67493e-13,6.40146e-07,1.42711e-12,4.39429e-12,3.53746e-20,4.7671e-17,1.25235e-20,0,0,0,1.84925e-20,1.10799e-31,0.687374
0.068125,1383.28,1380.92,0.48695,711240,0.00262122,9.54336e-05,7.56021e-06,0.000713678,0.000251843,0.307576,3.36003e-07,2.31026e-07,2.55615e-16,2.37903e-10,7.45897e-10,5.2487e-10,7.8998e-09,6.48072e-11,0.00129424,3.72622e-07,1.43558e-06,1.44358e-07,4.3551e-14,1.02047e-16,2.89123e-17,0,9.6032e-12,9.47909e-10,1.36675e-19,8.54715e-13,5.67384e-07,1.17162e-12,3.51683e-12,3.20513e-20,4.67209e-17,1.25246e-20,0,0,0,1.84943e-20,1.108e-31,0.687437
0.06875,1383.52,1382.1,0.487001,535919,0.00247971,8.00574e-05,5.93828e-06,0.000617675,0.000223467,0.30781,2.75779e-07,1.87481e-07,1.68491e-16,1.69321e-10,6.00637e-10,3.0367e-10,4.18743e-09,5.43981e-11,0.00129406,3.5365e-07,1.02564e-06,1.37349e-07,3.38089e-14,7.55023e-17,1.92907e-17,0,8.92817e-12,9.24615e-10,1.37012e-19,7.72232e-13,5.05282e-07,9.82778e-13,2.82779e-12,2.88443e-20,4.59816e-17,1.25255e-20,0,0,0,1.84961e-20,1.10803e-31,0.687486
0.069375,1384.3,1383.53,0.48725,415364,0.00236475,6.8443e-05,4.77576e-06,0.000541458,0.00020088,0.307997,2.29279e-07,1.54138e-07,1.16002e-16,1.26466e-10,5.00856e-10,2.12079e-10,2.73583e-09,4.65747e-11,0.00129391,3.35208e-07,7.74272e-07,1.31095e-07,2.78129e-14,5.82035e-17,1.42036e-17,1.82038e-18,8.37188e-12,8.97744e-10,1.37292e-19,7.07475e-13,4.52093e-07,8.39115e-13,2.28728e-12,2.58521e-20,4.53926e-17,1.25262e-20,0,0,0,1.84979e-20,1.10806e-31,0.687527
0.07,1385.56,1385.4,0.487671,329514,0.00226981,5.94407e-05,3.9186e-06,0.000479903,0.000182578,0.308148,1.92795e-07,1.28179e-07,8.28433e-17,9.77501e-11,4.27167e-10,1.674e-10,2.11631e-09,4.05388e-11,0.00129379,3.17512e-07,6.11961e-07,1.25425e-07,2.357e-14,4.60219e-17,1.09959e-17,2.75127e-18,7.88791e-12,8.68507e-10,1.37525e-19,6.5438e-13,4.06128e-07,7.27059e-13,1.8617e-12,2.31094e-20,4.49151e-17,1.25268e-20,0,0,0,1.84999e-20,1.10809e-31,0.68756
0.0709375,1387.91,1388.21,0.488469,242861,0.00215639,4.94472e-05,3.01995e-06,0.000408848,0.00016124,0.308325,1.52265e-07,9.96616e-08,5.33518e-17,7.0167e-11,3.47963e-10,1.34249e-10,1.78005e-09,3.38597e-11,0.00129363,2.93451e-07,4.67711e-07,1.18025e-07,1.91087e-14,3.37473e-17,7.96613e-18,3.2565e-18,7.27936e-12,8.23534e-10,1.37804e-19,5.91706e-13,3.4987e-07,6.02116e-13,1.39476e-12,1.96069e-20,4.43636e-17,1.25275e-20,0,0,0,1.85033e-20,1.10811e-31,0.687601
0.071875,1390.47,1391.03,0.489346,185168,0.00206631,4.20518e-05,2.39296e-06,0.000353752,0.000144444,0.308463,1.22488e-07,7.90507e-08,3.61566e-17,5.25309e-11,2.9038e-10,1.14376e-10,1.64554e-09,2.89208e-11,0.0012935,2.71679e-07,3.78012e-07,1.11654e-07,1.59094e-14,2.55919e-17,6.00376e-18,3.41007e-18,6.77892e-12,7.78677e-10,1.38026e-19,5.43018e-13,3.04581e-07,5.09525e-13,1.06117e-12,1.6683e-20,4.39329e-17,1.25281e-20,0,0,0,1.85077e-20,1.10813e-31,0.687633
0.07375,1395.73,1396.65,0.491166,118823,0.0019377,3.23998e-05,1.63693e-06,0.000278943,0.000120985,0.308654,8.47808e-08,5.33834e-08,1.93319e-17,3.31649e-11,2.16384e-10,9.11106e-11,1.56025e-09,2.24796e-11,0.0012933,2.36479e-07,2.86824e-07,1.01539e-07,1.1848e-14,1.63047e-17,3.7873e-18,3.33955e-18,6.03453e-12,6.9734e-10,1.38335e-19,4.75231e-13,2.3991e-07,3.88548e-13,6.59318e-13,1.24524e-20,4.33472e-17,1.25289e-20,0,0,0,1.85212e-20,1.10816e-31,0.68768
0.075625,1398.58,1399.09,0.492145,81905.2,0.00184533,2.60338e-05,1.17268e-06,0.000226578,0.000103125,0.308789,6.14687e-08,3.81341e-08,1.13025e-17,2.2624e-11,1.68916e-10,7.5219e-11,1.51667e-09,1.81491e-11,0.00129313,2.09021e-07,2.36125e-07,9.46329e-08,9.36107e-15,1.12599e-17,2.60292e-18,3.20184e-18,5.60286e-12,6.30023e-10,1.38558e-19,4.35733e-13,1.97976e-07,3.10469e-13,4.33592e-13,9.64506e-21,4.29338e-17,1.25295e-20,0,0,0,1.85459e-20,1.10819e-31,0.687715
0.0775,1399.42,1399.48,0.492424,59302,0.00177638,2.15271e-05,8.65844e-07,0.000188347,8.88229e-05,0.30889,4.61946e-08,2.83827e-08,7.01503e-18,1.62514e-11,1.3629e-10,6.32976e-11,1.48339e-09,1.50293e-11,0.00129298,1.87063e-07,2.05246e-07,8.9897e-08,7.71838e-15,8.24138e-18,1.90264e-18,3.05653e-18,5.3694e-12,5.74732e-10,1.38725e-19,4.12967e-13,1.69168e-07,2.56304e-13,2.97973e-13,7.69859e-21,4.26313e-17,1.253e-20,0,0,0,1.85927e-20,1.10822e-31,0.68774
0.079375,1399.87,1399.87,0.492566,44230.1,0.00172353,1.81559e-05,6.54209e-07,0.000159537,7.73041e-05,0.308967,3.55655e-08,2.16137e-08,4.55896e-18,1.21157e-11,1.12347e-10,5.39983e-11,1.45481e-09,1.26858e-11,0.00129286,1.68316e-07,1.84637e-07,8.60684e-08,6.5173e-15,6.25506e-18,1.43797e-18,2.88051e-18,5.21964e-12,5.25772e-10,1.38854e-19,3.97891e-13,1.4672e-07,2.15978e-13,2.0983e-13,6.21742e-21,4.24044e-17,1.25303e-20,0,0,0,1.86822e-20,1.10825e-31,0.68776
0.08125,1400.04,1400,0.492616,33802,0.00168217,1.55604e-05,5.04192e-07,0.000137321,6.78975e-05,0.309027,2.79524e-08,1.67839e-08,3.08135e-18,9.30867e-12,9.4207e-11,4.65769e-11,1.42883e-09,1.08759e-11,0.00129276,1.52233e-07,1.69777e-07,8.28703e-08,5.60064e-15,4.88704e-18,1.11496e-18,2.68766e-18,5.12635e-12,4.82321e-10,1.38956e-19,3.87932e-13,1.28809e-07,1.85039e-13,1.51083e-13,5.07674e-21,4.22309e-17,1.25304e-20,0,0,0,1.88543e-20,1.10826e-31,0.687776
0.085,1400.05,1400,0.492604,21418.5,0.00162506,1.20386e-05,3.23075e-07,0.000107793,5.43404e-05,0.309109,1.86672e-08,1.08841e-08,1.61156e-18,6.04411e-12,7.00392e-11,3.60972e-11,1.38293e-09,8.41524e-12,0.0012926,1.27785e-07,1.50378e-07,7.78936e-08,4.35238e-15,3.25885e-18,7.26314e-19,2.31117e-18,5.04324e-12,4.12763e-10,1.39093e-19,3.77649e-13,1.03325e-07,1.43153e-13,8.59882e-14,3.56724e-21,4.20084e-17,1.25288e-20,0,0,0,1.96774e-20,1.10829e-31,0.687798
0.08875,1400.04,1400,0.492589,14136.3,0.00158573,9.60617e-06,2.15928e-07,8.75033e-05,4.44052e-05,0.309166,1.30002e-08,7.33471e-09,9.2114e-19,4.17131e-12,5.36928e-11,2.85967e-11,1.34055e-09,6.71522e-12,0.00129248,1.08501e-07,1.3592e-07,7.36534e-08,3.46279e-15,2.28651e-18,4.91968e-19,1.93356e-18,5.03081e-12,3.55163e-10,1.39193e-19,3.73942e-13,8.45985e-08,1.14229e-13,5.14935e-14,2.56449e-21,4.18604e-17,1.25152e-20,0,0,0,2.20298e-20,1.10832e-31,0.687814
0.0925,1400.03,1400,0.492578,9658.06,0.00155873,7.877e-06,1.50227e-07,7.30575e-05,3.70192e-05,0.309206,9.4081e-09,5.13173e-09,5.71643e-19,3.03638e-12,4.23041e-11,2.31393e-11,1.30143e-09,5.50661e-12,0.00129238,9.3287e-08,1.2421e-07,6.99528e-08,2.80342e-15,1.6724e-18,3.44383e-19,1.58729e-18,5.06373e-12,3.08069e-10,1.39304e-19,3.74421e-13,7.06288e-08,9.3667e-14,3.25174e-14,1.89023e-21,4.1758e-17,1.2417e-20,0,0,0,2.87558e-20,1.10836e-31,0.687824
0.09625,1400.02,1400,0.492572,7067.48,0.00154277,6.751e-06,1.12584e-07,6.31307e-05,3.20391e-05,0.309233,7.24158e-09,3.86048e-09,3.99404e-19,2.38714e-12,3.5028e-11,1.95346e-11,1.26971e-09,4.71956e-12,0.0012923,8.23283e-08,1.15075e-07,6.70723e-08,2.35524e-15,1.30765e-18,2.57809e-19,1.3239e-18,5.11842e-12,2.73947e-10,1.39785e-19,3.77192e-13,6.11855e-08,8.02762e-14,2.25783e-14,1.46842e-21,4.16858e-17,1.17198e-20,0,0,0,4.79879e-20,1.10836e-31,0.68783
0.1,1400.02,1400,0.492572,7068.4,0.00154277,6.751e-06,1.12584e-07,6.31307e-05,3.20391e-05,0.309233,7.24158e-09,3.86048e-09,3.99404e-19,2.38714e-12,3.5028e-11,1.95346e-11,1.26971e-09,4.71956e-12,0.0012923,8.23283e-08,1.15075e-07,6.70723e-08,2.35524e-15,1.30765e-18,2.57809e-19,1.3239e-18,5.11842e-12,2.73947e-10,1.44259e-19,3.77192e-13,6.11855e-08,8.02762e-14,2.25783e-14,1.46842e-21,4.16858e-17,6.77984e-21,0,1.68395e-20,0,1.02981e-19,1.10836e-31,0.68783
